iteration,placebo_geos,effect,relative_effect
0,"G23,G55,G54,G16,G50,G08",-12117.35859193631,-0.002288165455104547
1,"G47,G14,G06,G36,G43,G04",-34977.77741652212,-0.005917107229653931
2,"G51,G32,G35,G33,G24,G54",-16013.327962042553,-0.0030149688418290516
3,"G19,G13,G05,G17,G32,G51",27715.7982339452,0.004846593483211677
4,"G17,G39,G60,G52,G38,G18",27271.232696963176,0.004013455910949285
5,"G16,G24,G31,G13,G57,G20",53629.56235610347,0.0071873340273826075
6,"G48,G19,G50,G16,G51,G46",29950.979207572393,0.006391328666963594
7,"G46,G58,G54,G51,G04,G12",365.1423481939055,6.515081384027009e-05
8,"G14,G34,G49,G21,G42,G08",-27940.379579451746,-0.005977332998879777
9,"G08,G43,G44,G33,G49,G54",-32272.85922364113,-0.006671165238076835
10,"G29,G03,G08,G11,G18,G02",-27233.045282635932,-0.00551357329907582
11,"G18,G27,G54,G24,G51,G36",-13942.490979763566,-0.0030901891085836474
12,"G37,G27,G57,G30,G10,G32",8445.447854600803,0.0010750488621211938
13,"G05,G54,G52,G26,G42,G11",2776.3470324316368,0.0004873813549183035
14,"G55,G54,G47,G42,G36,G52",-18065.833650564593,-0.003015983140908226
15,"G28,G10,G29,G59,G35,G48",-21867.848472205696,-0.0033483570016093903
16,"G05,G23,G49,G24,G37,G32",-23181.246946742198,-0.0031101369880748987
17,"G17,G35,G10,G31,G58,G52",-18030.2991447007,-0.002531621657557709
18,"G43,G18,G30,G24,G42,G51",-18184.5891010502,-0.005067126177774576
19,"G50,G48,G34,G31,G23,G57",23356.43899061269,0.003226535796489923
20,"G35,G10,G12,G34,G19,G53",-11573.38194171455,-0.0012175818565996997
21,"G54,G10,G08,G20,G04,G49",-29941.37141727136,-0.004510554641089864
22,"G06,G13,G59,G18,G60,G05",15212.507340355522,0.002267577680239642
23,"G24,G16,G44,G21,G42,G54",-397.7813108437658,-0.00010473055834902875
24,"G48,G28,G51,G54,G19,G44",22840.596393431668,0.005085137025376041
25,"G54,G16,G33,G18,G06,G12",-6292.791131172373,-0.0008052076785108561
26,"G16,G24,G58,G42,G27,G59",7470.426874332068,0.0016678679508996454
27,"G50,G23,G40,G36,G59,G38",1321.6855954797138,0.00020603007998473244
28,"G58,G10,G26,G03,G30,G08",-26970.73918728272,-0.005059451052984502
29,"G59,G19,G24,G49,G30,G02",3911.7726565142766,0.0008195628342300876
30,"G51,G28,G43,G23,G17,G49",-12825.199887518742,-0.002525301993684594
31,"G36,G57,G04,G14,G26,G29",8617.85250832465,0.001605799487080888
32,"G11,G47,G24,G42,G39,G30",-19591.652700777224,-0.003572066952938749
33,"G40,G36,G34,G44,G38,G13",8579.01428364309,0.00132415551992688
34,"G27,G26,G28,G06,G05,G38",15077.814990118757,0.0022842905038647126
35,"G31,G32,G03,G54,G55,G20",12886.917610334058,0.0020175741507952793
36,"G52,G14,G43,G33,G34,G32",-18333.52531678009,-0.0029223043583939674
37,"G53,G16,G10,G58,G20,G49",-643.3912404656803,-9.229218691709987e-05
38,"G29,G49,G10,G04,G51,G16",-12480.157369123699,-0.0021717967208664266
39,"G47,G19,G20,G11,G42,G35",-3872.528622155558,-0.0005504734447901997
40,"G02,G33,G50,G10,G54,G46",-19671.105236478914,-0.003803352302946598
41,"G17,G08,G36,G49,G37,G06",-25297.329446830503,-0.0037008708834646332
42,"G54,G42,G19,G44,G55,G51",20167.895882750414,0.005327874758588234
43,"G44,G14,G28,G17,G21,G22",149.03683101854404,3.194910062887014e-05
44,"G34,G32,G16,G10,G58,G22",-9206.055198148628,-0.0011467561968512634
45,"G58,G37,G32,G14,G42,G27",-5898.77811828626,-0.0011348872720256596
46,"G50,G36,G15,G52,G40,G54",966.0279297504276,0.0002139593980879594
47,"G22,G25,G10,G15,G52,G51",15363.04211398273,0.002414313758670687
48,"G34,G32,G33,G53,G03,G28",-8737.332170507536,-0.001353621287024474
49,"G08,G38,G32,G29,G27,G47",-18598.903387620623,-0.002565032023226597
50,"G20,G38,G08,G17,G37,G29",14564.082270678598,0.002120207041863615
51,"G49,G35,G42,G60,G59,G40",-7534.755995378488,-0.0012355490195960952
52,"G13,G57,G11,G54,G42,G36",17266.225232896286,0.0028523544700547517
53,"G51,G19,G25,G52,G58,G36",26646.48977942385,0.005211142382565546
54,"G33,G52,G43,G46,G03,G44",-2897.260051015335,-0.0006237427913493382
55,"G39,G21,G16,G28,G49,G29",-663.095643891349,-0.00014074424327458396
56,"G51,G57,G34,G29,G20,G05",43870.83174751681,0.0073634709172199705
57,"G58,G10,G20,G47,G13,G40",-9733.991461249338,-0.00131785607258158
58,"G34,G55,G13,G16,G48,G58",7744.952479060565,0.0013657910931749913
59,"G32,G03,G02,G20,G24,G06",6213.395149924814,0.0010721530113339075
60,"G27,G13,G59,G18,G20,G16",24062.801080816134,0.004095757096224614
61,"G06,G43,G52,G19,G18,G29",19414.43676410162,0.003400749392782499
62,"G53,G08,G23,G04,G31,G39",-17207.79323580549,-0.002520158729817497
63,"G22,G29,G57,G27,G26,G05",31951.13206713712,0.004911931929931589
64,"G40,G20,G16,G34,G57,G24",29233.213764187254,0.004142074634306431
65,"G24,G02,G17,G11,G15,G13",857.6267274714919,0.00018109607997049076
66,"G04,G53,G13,G19,G23,G12",186.37904521222663,2.241149765103372e-05
67,"G32,G37,G15,G47,G13,G24",-7090.658103365466,-0.0010320777637928753
68,"G21,G26,G20,G39,G59,G36",-3147.996042086881,-0.0005791426526634428
69,"G14,G43,G50,G36,G21,G18",-27764.40489034775,-0.007211900570606881
70,"G23,G43,G13,G52,G40,G10",-4255.127605877911,-0.0005765988888141016
71,"G54,G08,G34,G39,G37,G58",-15522.98057869976,-0.002840230351752203
72,"G14,G55,G19,G58,G48,G29",10835.929320763404,0.0023980247894147045
73,"G26,G17,G03,G13,G39,G06",14863.24606383008,0.003089312291700557
74,"G15,G04,G37,G19,G55,G36",12160.974424957916,0.0020581568183108342
75,"G47,G51,G10,G03,G29,G50",-14647.155407445498,-0.0028163453734178973
76,"G53,G58,G46,G17,G54,G18",-9561.521963168878,-0.0022155642687105553
77,"G52,G19,G18,G40,G55,G15",19942.326055448255,0.0035907901813274743
78,"G25,G14,G58,G57,G40,G48",23057.639199991143,0.004414056652483381
79,"G49,G10,G44,G35,G54,G36",-37955.083590433336,-0.006199649424647272
80,"G34,G13,G30,G33,G06,G38",15050.453631849807,0.0023072835135286695
81,"G29,G57,G54,G58,G42,G49",8154.021790470546,0.0018822888136680103
82,"G02,G19,G34,G60,G48,G53",28613.639911832535,0.004153209066922277
83,"G06,G21,G31,G39,G47,G11",-9108.848321850237,-0.0012648880374137176
84,"G26,G17,G40,G52,G25,G37",16504.209912556762,0.0026042403701777668
85,"G59,G35,G34,G17,G48,G23",-10921.092884835554,-0.0017355735124443947
86,"G18,G51,G53,G03,G35,G11",-16942.473090680927,-0.00327683201356958
87,"G42,G46,G55,G23,G50,G34",-7006.699439778065,-0.001399891148538707
88,"G23,G49,G03,G30,G17,G22",-12165.51745627242,-0.0021904120930073107
89,"G26,G29,G42,G30,G27,G55",20.596306294017268,5.085007887383281e-06
90,"G23,G48,G44,G57,G52,G36",23002.703816563,0.003326041903057312
91,"G48,G59,G36,G17,G43,G19",-396.9531108702722,-6.939598391137171e-05
92,"G10,G02,G52,G03,G27,G28",5581.517916924655,0.0009357045333233936
93,"G49,G04,G33,G39,G55,G40",-17557.851173975505,-0.0032257217246282575
94,"G08,G28,G02,G43,G35,G05",-35180.685500182946,-0.006580438287328549
95,"G49,G46,G21,G31,G12,G03",-4806.914981846814,-0.0006605072847288633
96,"G24,G57,G30,G46,G58,G05",11843.58648259542,0.0024014997046979732
97,"G27,G53,G23,G02,G10,G44",-13030.990820189487,-0.002055892644483059
98,"G50,G35,G57,G22,G51,G08",151.7928504238589,2.61351234015462e-05
99,"G13,G42,G22,G31,G05,G54",5095.904563093747,0.0007970755948574455
