removed_geo,effect,pre_rmse
G25,266518.87809813896,1614.9133698105834
G54,270868.19120919,1615.4914481906994
G30,260184.9882057148,1614.8634161308676
G24,266624.2941331454,1612.6698541440517
G08,258053.2382068666,1618.648515258744
G21,261200.1736914324,1614.1637456066028
G17,268625.1904679869,1608.1121685491444
G48,266626.54144483083,1604.1255032578626
G57,276157.7071075034,1603.6132332020386
G02,263877.88578542357,1600.753932743367
G36,262999.296762708,1599.116363007708
G42,265879.30131599697,1598.4594917839381
G04,264520.4050800145,1597.8886966768123
G22,266753.60497222946,1594.2958152472281
G40,267591.2728217554,1593.8859786672813
G19,268737.1076013142,1593.5451200428333
G05,266962.1218519502,1593.5759410012372
G58,265489.838527878,1593.5624198304029
G43,264956.79884024535,1593.4242922465
G52,267092.56559004297,1593.283922632994
G33,266321.02050813776,1593.1494933309264
