geo,weight
G25,0.09522672035415726
G54,0.09330460987496153
G30,0.09056606171970728
G24,0.08807164976984268
G08,0.0880569995990113
G21,0.08165642406839947
G17,0.07630868083979621
G48,0.062081569292679294
G57,0.05570983834138342
G02,0.0496192307558099
G36,0.04076189405251114
G42,0.03973420011462754
G04,0.039547494658079954
G22,0.02494534266734427
G40,0.016439056985654354
G19,0.01394715473384469
G05,0.013597254803551362
G58,0.012277045489929111
G43,0.011930216533901299
G52,0.005794648573156693
G33,0.0004239067716511447
