week,control_mean_revenue,treated_mean_revenue,gap,gap_vs_first_week
2026-01-05,38786.807222222225,75155.58095238094,36368.77373015872,0.0
2026-01-12,39471.59505291005,74687.86166666666,35216.26661375661,-1152.5071164021065
2026-01-19,39667.729947089945,74160.85333333333,34493.12338624339,-1875.6503439153312
2026-01-26,39777.756322751324,77383.22642857142,37605.470105820095,1236.6963756613768
2026-02-02,39930.910476190475,75825.88976190476,35894.97928571429,-473.79444444442925
2026-02-09,39557.78785714286,76632.91714285714,37075.12928571428,706.3555555555649
2026-02-16,39015.46828042328,75958.99857142857,36943.53029100529,574.7565608465738
2026-02-23,39304.752539682544,76721.36095238096,37416.60841269841,1047.8346825396948
2026-03-02,38916.08280423281,77321.3680952381,38405.28529100529,2036.5115608465712
2026-03-09,39028.25261904762,75511.05166666667,36482.799047619046,114.02531746032764
2026-03-16,39869.23976190476,77876.5738095238,38007.33404761904,1638.5603174603239
2026-03-23,39553.26600529101,76995.72142857143,37442.45542328042,1073.6816931217036
2026-03-30,41152.41809523809,78100.37214285714,36947.95404761905,579.1803174603338
2026-04-06,41286.069285714286,80555.83452380952,39269.765238095235,2900.9915079365164
2026-04-13,41344.16616402117,79718.13333333333,38373.96716931216,2005.193439153445
2026-04-20,41819.421005291006,80819.42571428571,39000.004708994704,2631.2309788359853
2026-04-27,42222.42883597883,80503.84714285715,38281.41830687832,1912.6445767195983
2026-05-04,42586.55751322751,79957.00547619048,37370.447962962964,1001.6742328042455
2026-05-11,42704.81423280423,80347.48476190477,37642.670529100535,1273.896798941816
2026-05-18,43152.99873015873,80795.17595238096,37642.17722222223,1273.4034920635095
2026-05-25,43267.603835978836,81386.01857142856,38118.414735449725,1749.6410052910069
2026-06-01,40812.11635802469,84825.17055555555,44013.054197530866,7644.2804673721475
