creative_id,top_persona,top_score,second_score,margin,decision,nearest_confirmed_similarity,nearest_confirmed_id,ad_size,ad_text,image_path,launched_at
c_0601,Traveler & Leisure,0.9989443615961018,0.0968784980586551,0.9020658635374468,suggest,0.5873565,c_1049,300x250,"2023 GRAND
DEPART T-SHIRT
TOUR DE FRANCE
PAYS BASQUE
GRAND DEPART 2023",images/c_0601.jpg,2026-06-01 04:00:00
c_1989,Traveler & Leisure,0.9986050981599156,0.0936251452587657,0.90497995290115,suggest,0.5979304,c_2120,728x90,"2023 GRAND
DEPART T-SHIRT
TOUR DE FRANCE
PAYS BASQUE
GRAND DEPART 2023",images/c_1989.jpg,2025-06-10 18:00:00
c_0985,Health & Wellness Seeker,0.9981599596322628,0.045551004980018,0.9526089546522448,suggest,0.6795621,c_1963,300x250,"BioGaia. Prodentis
There's good bacteria, and
then there's the best bacteria.
Order FREE
Patient Samples
BioGaia
FOR GUS
AND TEETH
BioGaia: the best
probiotic for your patients.
INIC",images/c_0985.jpg,2025-04-01 02:00:00
c_0056,Traveler & Leisure,0.9976092064281152,0.2045531342928388,0.7930560721352763,suggest,0.6588212,c_2039,300x250,"THE SUMMER PARTY
SALT CITY
WINE & DINE
Aug. 19 | La Caille
21+ EVENT
40+ FOOD AND DRINK
VENDORS
VIP EXPERIENCES
LIVE ENTERTAINMENT
WITH NIGHT CONCERT
GET TICKETS >>
SA
Vok",images/c_0056.jpg,2025-05-26 23:00:00
c_1482,Traveler & Leisure,0.9972827480844786,0.0750932843494289,0.9221894637350496,suggest,0.5502255,c_1072,300x250,"COLDPLAY
MUSIC of the SPHERES
A WORLD TOUR
WITH SPECIAL GUEST
H.E.R.
TICKETS ON SALE NOW AT COLDPLAY.COM
Ⓡ
LIVE NATION",images/c_1482.jpg,2026-05-22 00:00:00
c_0881,Traveler & Leisure,0.9970255958353208,0.1368991663130854,0.8601264295222353,suggest,0.65899616,c_0327,300x250,"20 23 WORLD TOUR
Styx
OCT BUY TICKETS
13
MUST BE 21 OR OLDER TO ATTEND.
Hard Rock
LIVE
NORTHERN INDIANA",images/c_0881.jpg,2025-01-17 18:00:00
c_2307,Traveler & Leisure,0.9967369057641142,0.1089069858917702,0.8878299198723439,suggest,0.5529887,c_1072,970x250,"COLDPLAY
MUSIC of the SPHERES
#A WORLD TOUR
WITH SPECIAL GUEST
H.E.R.
TICKETS ON SALE NOW
COLDPLAY.COM
LIVE NATION
THE NEW ALBUM
MUSIC of the SPHERES
OUT NOW
∞∞o",images/c_2307.jpg,2026-05-23 09:00:00
c_0622,Traveler & Leisure,0.9965259574520602,0.0568671194243606,0.9396588380276996,suggest,0.67374563,c_0573,300x250,"2022
IDAHO
SHAKESPEARE
FESTIVAL
2022 Season Tickets On-Sale Now!
Give the Gift of Great Theater in the
Great Outdoors!
BUY ONLINE",images/c_0622.jpg,2025-11-14 17:00:00
c_2519,Health & Wellness Seeker,0.996107937896051,0.0954989890201516,0.9006089488758994,suggest,0.6837503,c_1502,300x250,"elta
MD
Trusted by
Dermatologists
elta
MD
SKINCARE
UV CLEAR
BROAD-SPECTRUM
SPF 46
Gate 20
www ONCO
PACIAL SUNSCH",images/c_2519.jpg,2026-03-27 14:00:00
c_0297,Traveler & Leisure,0.9960462801255708,0.4087070801434079,0.5873391999821629,suggest,0.667323,c_2363,300x600,"DIG IN M
pepsi. RESTAURANT ROYALTY
SHOW LOVE
TO YOUR FAVORITE
BLACK-OWNED RESTAURANT
AND YOU COULD
WIN
THE ULTIMATE
FOODIE EXPERIENCE
NOMINATE
@PEPSIDIGIN",images/c_0297.jpg,2025-03-06 18:00:00
c_1080,Traveler & Leisure,0.9948612719818636,0.140540268499086,0.8543210034827774,suggest,0.53712076,c_2339,300x600,"COLDPLAY
MUSIC of the SPHERES
A WORLD TOUR
WITH SPECIAL GUEST
H.E.R.
TICKETS ON SALE NOW
COLDPLAY.COM
LIVE NATION
THE NEW ALBUM MUSIC of the SPHERES OUT NOW
♡∞o",images/c_1080.jpg,2026-03-07 03:00:00
c_1052,Traveler & Leisure,0.9944279342410656,0.3450269072010134,0.6494010270400521,suggest,0.67659014,c_1404,970x90,"PORT GAMBLE
WEDDINGS & EVENTS
Grand Wedding Showcase
TOUR OUR VENUES
ENJOY A NUMBER OF
LOCAL INDUSTRY VENDORS
APRIL 23RD, 2023
11AM TO 3PM
RSVE WITH US AT
PORTGAMBLEWEDDINGSORAYDIENT.COM",images/c_1052.jpg,2025-08-14 20:00:00
c_0915,Health & Wellness Seeker,0.9944024185759024,0.3131451860299949,0.6812572325459073,suggest,0.67915344,c_0872,300x250,"MUN
pre
SuiVecti
MMA
StriVectin
&lift
peptight-
T
Dikey
WHE
StriVectin
NEW FOR NECK
Peptight"" Tightening
Neck Serum Roller
Visibly
Firms Skin
& Smooths
Neck Lines
SHOP NOW",images/c_0915.jpg,2025-05-01 06:00:00
c_0982,Traveler & Leisure,0.9931474072360444,0.2686944685649451,0.7244529386710992,suggest,0.69124186,c_2363,728x90,"DIG IN M
pepsi RESTAURANT ROYALTY
SHOW LOVE
TO YOUR FAVORITE
BLACK-OWNED RESTAURANT
AND YOU COULD
WIN THE ULTIMATE
FOODIE EXPERIENCE
NOMINATE
+
✔ @PEPSIDIGIN",images/c_0982.jpg,2025-05-31 04:00:00
c_2810,Traveler & Leisure,0.9927866915283504,0.16275808573056,0.8300286057977905,suggest,0.6834878,c_2823,300x250,"ORO
PUTNAM
ADVENTURE AWAITS
Discover Putnam
Family Fun Beating
THE GREAT OUTDOORS
I♥NY
WWW.VISITPUTNAM.ORG
Biking
YORK",images/c_2810.jpg,2025-08-12 05:00:00
c_2023,Traveler & Leisure,0.9920892068321804,0.5249116881175967,0.4671775187145838,suggest,0.5555213,c_1041,300x250,"WE HAVE TONS
OF-
LIGHTS
TRUIST H
ZO LIGHTS
NOV-DEC SELECT NIGHT'S
TICKETS AT MEMPHISZOO.ORG",images/c_2023.jpg,2025-07-01 21:00:00
c_0722,Traveler & Leisure,0.991713622414482,0.0976402616823489,0.8940733607321331,suggest,0.6055831,c_2083,300x250,"www.wow
Immersive
van
G GH
Exhibit Dallas
ON SALE NOW
DallasVanGogh.com",images/c_0722.jpg,2026-07-17 22:00:00
c_1844,Traveler & Leisure,0.9909907953362744,0.115388159045325,0.8756026362909493,suggest,0.6486339,c_0327,300x250,"EXPERIENCE
-THE-
SPECTACULAR
2023-2024 SEASON
PNC Broadway Lights
SERIES
FUNNY GIRL
THE WIZ
COMPANY
MOULIN ROUGE
MRS. DOUBTFIRE
BACK TO THE FUTURE
MESSAGE IN A BOTTLE
AND MORE TO BE ANNOUNCED!
GET SEASON TICKETS",images/c_1844.jpg,2025-06-22 10:00:00
c_1657,Student & Learner,0.9904632556436048,0.0994481851301785,0.8910150705134264,suggest,0.6572557,c_1205,300x250,"LSPR
LSLSPR
POSTGRADUATE
PROGRAMME
PR
POSTGRADUATE
PROGRAMME (S2)
Faculty of Communication
• Professional Programme
• Blended Learning Programme
ENROLL NOW
registration.Ispr.edu
More Info: 0817 1717 1992",images/c_1657.jpg,2025-06-07 04:00:00
c_2417,Traveler & Leisure,0.9901885577040576,0.0622932689577973,0.9278952887462604,suggest,0.58012444,c_0846,300x250,"2022/2023
CITY EDITION
Los
TEMPHIS MILWAUKEE ANGELES
12 34 6
NBA Store
A Fanatics Experience
SHOP NOW >>",images/c_2417.jpg,2025-09-23 15:00:00
c_0718,Traveler & Leisure,0.9899495395364948,0.0521613816807729,0.9377881578557218,suggest,0.54163533,c_0559,300x250,"MARCI
SUNDAY
7:00 PM
ORPHEUM
THEATRE
DA
ZAKIR
HUSSAIN
VO
Masters of
Percussion",images/c_0718.jpg,2026-01-22 04:00:00
c_0322,Health & Wellness Seeker,0.9898589603579964,0.1525371875915493,0.8373217727664471,suggest,0.69709426,c_2727,300x250,"TN
Rezum
Water Vapor Therapy
Proven results
for BPH therapy
at five years
rezum
Learn more
Boston
Scientific
Advancing science for life""",images/c_0322.jpg,2025-07-09 05:00:00
c_1372,Traveler & Leisure,0.989443240413743,0.0638462007747331,0.92559703963901,suggest,0.6970534,c_2045,300x250,"Decanter
Wine Experiences
Discover the Rhône
with Decanter",images/c_1372.jpg,2025-06-12 22:00:00
c_0402,Traveler & Leisure,0.9893633357883856,0.0779929690207226,0.9113703667676628,suggest,0.6546892,c_1110,300x250,"Royal Bangkok Symphony Orchestra R
RBSO
European Tour
2.0.2.3
May 18
Vienna
May 20
Munich
May 22
Paris",images/c_0402.jpg,2026-06-11 02:00:00
c_1951,Traveler & Leisure,0.988657273612426,0.2784074498439094,0.7102498237685166,suggest,0.57406026,c_1842,300x250,"THE
UNITED
UKRAINIAN
BALLET
PET
ALEXEI RATMANSKY'S
GISELLE
WEST COAST PREMIERE
JUNE 29 - JULY 2
SEGERSTROM HALL
scfta.org",images/c_1951.jpg,2025-04-01 17:00:00
c_1742,Tech Enthusiast,0.9886015999711636,0.4949872466036454,0.4936143533675181,suggest,0.698121,c_1785,728x90,"GENERATION
Download as the
App Store
TRICK ROX TREAT
NEW PLAYERS GIFT CODE: ROX1031
GET IT ON
Google Play
QRAGNAROK X: NEXT GENERATION",images/c_1742.jpg,2025-12-27 22:00:00
c_0538,Small Business & B2B,0.987982717690339,0.1973358193091459,0.790646898381193,suggest,0.6646217,c_1902,300x600,"O
FREE WEBINAR
VANTA Presents:
Vanta
Security and
compliance: is
your business
at risk?
THURSDAY 16 MARCH
2PM AEDT
REGISTER NOW",images/c_0538.jpg,2026-03-31 13:00:00
c_2038,Health & Wellness Seeker,0.9878037764034217,0.3361218262490069,0.6516819501544147,suggest,0.6477087,c_0108,300x250,"CHANGING LIVES THROUGH BETTER HEARING
Eldorado
AUDIOLOGY & HEARING CENTER
Kelly Heyman, Au.D. FAAA, Doctor of Audiology
We'll Beat Any Price in town, guaranteed!
CALL 505-466-7526
For An Appointment
5 Caliente Rd. #5 | Santa Fe, NM 87508
www.eldoaudiology.com",images/c_2038.jpg,2025-09-08 03:00:00
c_0114,Traveler & Leisure,0.9876314270683324,0.0498967941905693,0.9377346328777632,suggest,0.6454606,c_2288,300x250,"CIREBON
FESTIVAL
ARHANUD 14 CIREBON
BIL
17-18 JUNI 2023
**GET TOUR TICKETS
JUDIKA. MARION JOLA. RIZKY FEBIAN
MC DANNY. ALDY JADONG. TIARA ANDINI. DANILLA. LYODRA
MUSIC. CULINARY. ART.SPORT. COMMUNITY. GAMES
JA
tiketbox",images/c_0114.jpg,2025-12-20 21:00:00
c_1416,Health & Wellness Seeker,0.9871568695476332,0.5600220140339149,0.4271348555137183,suggest,0.6499768,c_1963,300x250,"Patch Aid
Large Selection of Bariatric
Vitamins & Minerals on a
Patch
Vitamin Vitamin D3.Calcium Potch",images/c_1416.jpg,2025-12-10 01:00:00
c_1438,Traveler & Leisure,0.9870942530850176,0.192458332227542,0.7946359208574756,suggest,0.65670633,c_1823,728x90,"DOWNTON ABBEY
THE EXHIBITION
NOW OPEN IN ATLANTA
AT PERIMETER POINTE
BUY TICKETS",images/c_1438.jpg,2026-04-25 09:00:00
c_1836,Traveler & Leisure,0.9869797995163544,0.5164351189591656,0.4705446805571889,suggest,0.6351647,c_2363,300x250,"DIG IN
pept RESTAURANT ROYALTY
SHOW LOVE
TO YOUR FAVORITE
BLACK-OWNED RESTAURANT
Ⓒ
@PEPSIDIGIN
M
AND YOU COULD
WIN THE ULTIMATE
FOODIE EXPERIENCE
NOMINATE",images/c_1836.jpg,2025-08-13 07:00:00
c_0024,Small Business & B2B,0.9867656931391716,0.5678675351614311,0.4188981579777405,suggest,0.69436526,c_2844,300x600,"PERSONNEL TODAY | WEBINAR
CRAFTING A
COMPELLING
EMPLOYER BRAND:
Lessons from
professional services
16th March 2023 | 11am
8
ISSZA
REGISTER NOW
tmp.worldwide",images/c_0024.jpg,2025-11-08 07:00:00
c_2281,Student & Learner,0.9861702905567832,0.1788961040095049,0.8072741865472781,suggest,0.6428932,c_1205,300x250,"UPES
UPES DEHRADUN,
NOW EMPANELLED
WITH CUET
Up to 30% merit scholarship* on
undergraduate programs based on
CUET score
Last Date to Apply: June 30
*T&C Apply. For more details visit upes.ac.in",images/c_2281.jpg,2026-08-04 18:00:00
c_2026,Small Business & B2B,0.9857847331552116,0.2814871614884414,0.7042975716667701,suggest,0.65954226,c_1660,300x600,"aws
AWS Silicon Innovation Day
DISCOVER HOW AWS-DESIGNED SILICON
FUELS CUSTOMER OUTCOMES
Wednesday, June 21, 2023 | 9:00AM - 4:00PM PDT
6.
Register now",images/c_2026.jpg,2026-08-18 18:00:00
c_1134,Traveler & Leisure,0.9852000234042804,0.5647919384709326,0.4204080849333478,suggest,0.66483,c_0573,300x250,"GET CLOSER TO THE
ENTERTAINMENT
YOU LOVE
UB
WARNER BROS.
STUDIO TOUR
HOLLYWOOD",images/c_1134.jpg,2026-06-20 11:00:00
c_1401,Traveler & Leisure,0.9850247989189396,0.1641877279453999,0.8208370709735398,suggest,0.5626056,c_1157,300x250,"LESTER J. BROWN
ANTIQUE
TRUCK
SHOW
NORTH CAROLINA
TRANSPORTATION
MUSEUM
MAY 20, 2023
NCTransportation Museum.org",images/c_1401.jpg,2025-06-29 05:00:00
c_0394,Traveler & Leisure,0.9847971158359334,0.2017481524038702,0.7830489634320632,suggest,0.6681058,c_2549,300x250,"MAR 17 - APR 9
AGATHA CHRISTIE'S
MURDER
ONGEENDE EXPRESS
THE
The
Rep
REPERTORY
THEATRE
ST. LOUIS
ADAPTED FOR THE
STAGE BY KEN LUDWIG
DIRECTED BY HANA S. SHARIF
BUY TICKETS",images/c_0394.jpg,2026-01-30 09:00:00
c_0144,Traveler & Leisure,0.9847129344637188,0.1421085866548083,0.8426043478089102,suggest,0.6562526,c_0327,300x250,"WIN A TRIP TO
NASHVILLE!
ONO
SOUNDS
RYMAN
HALTIME
SIGN UP AT:
CCM
MAGAZINE.COM",images/c_0144.jpg,2025-04-30 14:00:00
c_1381,Traveler & Leisure,0.9844046845513408,0.2149723323681433,0.7694323521831974,suggest,0.6057321,c_0913,300x250,"11
Make it Count.
Vote for People's Choice.
city
art
walking
sculpture
tour
CITY CENTER MANKATO",images/c_1381.jpg,2025-10-29 03:00:00
c_2133,Traveler & Leisure,0.984384827593328,0.076567750882654,0.9078170767106738,suggest,0.68251324,c_2487,300x250,"LCOME
FIESTA YOUR W
Topo hico ENCOURAGES YOU TO
THROW A FIESTA
Sponsored by
LT Verrastro Inc
IMPORTINS: BEER DISTRIBUTOR
PURE
ENTER TO
YOUR WAY! Topo Chic
$500
HARD SELTZER
SPIKED SPARKLING WATER
VISA GIFT CARD
STRAWBERRY GUAVA
MATURALLY FLAYERED
ENERATORAL FLA
MAALAUSARAS",images/c_2133.jpg,2026-02-18 23:00:00
c_1722,Traveler & Leisure,0.9834413778045884,0.4810437542381785,0.5023976235664098,suggest,0.6900559,c_0961,970x250,"2nd VIP
Wine Pairing
ADDED!
JARVIS
ESTATE
SALT CITY
WINE & DINE
Boar's Head
SINCE 1905
VIP TICKETS + PAIRING RSVP >>
*Must select VIP Pairing at Checkout*",images/c_1722.jpg,2025-01-10 20:00:00
c_2357,Homeowner,0.9833252640166218,0.1228829139522215,0.8604423500644002,suggest,0.6487185,c_2035,300x250,"LG
PERFECT
LAUNDRY
PAIR REBATE OFFER
SAVE
$100*
VIA ONLINE REBATE
when you bundle eligible
LG Front Load Washer
and Dryer appliances
*Terms and conditions apply. Subject to availability See details
ot LG-Promos.com/frontload523. Volid 5/4/23-7/19/23
SAVE NOW",images/c_2357.jpg,2025-02-19 06:00:00
c_2858,Small Business & B2B,0.98306522417323,0.2583246058940177,0.7247406182792122,suggest,0.6453407,c_2061,300x250,"Eaton
Technology
DEG300 Summit -
Data Centres
EATON DCD
சீமாறு இருள்வ",images/c_2858.jpg,2025-11-06 21:00:00
c_1290,Traveler & Leisure,0.9827844782914498,0.1635780078128977,0.819206470478552,suggest,0.68553483,c_2487,970x250,"PATIO PAGES
The Mercury's Guide to Outdoor Dining",images/c_1290.jpg,2026-08-17 00:00:00
c_2072,Traveler & Leisure,0.9820585028861336,0.1414121185754691,0.8406463843106645,suggest,0.65580285,c_1404,300x250,"IT'S A PARTY
EVERY NIGHT!
Menopause
The Musical
Buy Tickets
Harrahs
LAS VEGAS",images/c_2072.jpg,2025-06-17 17:00:00
c_0943,Traveler & Leisure,0.981666253285253,0.3557992927566399,0.6258669605286131,suggest,0.66007227,c_2487,300x250,"2nd VIP
Wine Pairing
ADDED!
JARVIS
ESTATE
Boar's Head
VIP TICKETS +
PAIRING RSVP »",images/c_0943.jpg,2025-01-11 10:00:00
c_1962,Health & Wellness Seeker,0.9808137550482496,0.0470202074435757,0.933793547604674,suggest,0.6612216,c_1286,970x250,"QC KineTIX
NON-SURGICAL REGENERATION
Pain due to arthritis or a sports injury? We can help!
Relieve pain without surgery!
319.349.2815
MORE INFO
Financing
Available
No Down
Time!
90
✓ Non-Steroidal
Treatments
EMMITT SMITH
Pro Football Legend & QC Kinetix National Spokesperson",images/c_1962.jpg,2025-08-26 06:00:00
c_1445,Health & Wellness Seeker,0.980668056746418,0.2216439244539699,0.759024132292448,suggest,0.6915151,c_1967,300x250,"FOOD4LESS
SHOP TODAY!
Natural Foods | Organic Selections
Supplements
2230 Biddle Rd, Medford | Open 24/7",images/c_1445.jpg,2026-08-06 15:00:00
c_1975,Traveler & Leisure,0.9797579130442572,0.4915977957131086,0.4881601173311486,suggest,0.6309449,c_1998,300x250,"POSITIONS
AVAILABLE
Sun Valley
Steakhouse - CHEF
Coffee Shop -
LINE COOKS
Apply Now ►
Spinde
HOBEY'S Sun Valley
STEAKHOUSE
ged
CASINO RESTAURANT
FOR
HOBEY'S
STELE
im",images/c_1975.jpg,2025-07-08 23:00:00
c_0556,Traveler & Leisure,0.9779198950974548,0.0670821155137188,0.9108377795837358,suggest,0.59788895,c_1072,300x250,"MIDLAND
THE LAST RESORT:
GREETINGS FROM
AN OPECIAL GEN
MIKKI LANE
CHANE CHOTH & THE CANTS
TOUR
SATURDAY, OCTOBER 15
GREEK THEATRE | LOS ANGELES, CA",images/c_0556.jpg,2025-04-12 06:00:00
c_1500,Student & Learner,0.97785882561574,0.0600637204924839,0.917795105123256,suggest,0.69943815,c_0267,300x250,"LSE
THE LONDON SCHOOL
OF ECONOMICS AND
POLITICAL SCIENCE
Designed,",images/c_1500.jpg,2025-11-28 07:00:00
c_2524,Traveler & Leisure,0.9771210109404634,0.2248835275841481,0.7522374833563154,suggest,0.6423394,c_0327,300x250,"Dolly good
PARKS & RESORTS
SMOKY MOUNTAIN
CELEBRATION
June 17 - Aug. 6
PLAN YOUR VISIT
NIGHTLY DRONE SHOW",images/c_2524.jpg,2026-04-14 18:00:00
c_2144,Traveler & Leisure,0.9764787425267754,0.1623454157300893,0.8141333267966859,suggest,0.6680933,c_0559,300x250,"WATERFRONT
Sound
FESTIVAL Check
THE
PORTER
OPEN TO
THE PUBLIC!
X
xport
bar & lounge
Featuring LO STEELE
Fri, June 30. 4:30-6pm
1355 SW 2nd Ave",images/c_2144.jpg,2026-03-10 16:00:00
c_0364,Small Business & B2B,0.9764119745703516,0.134885058331378,0.8415269162389737,suggest,0.69539416,c_0863,300x250,"Join Our Free Webinar
Why FPGA is the Best Platform for
Deployment
of Machine Learning
on the Edge from
Applications
Smart Cities to Space
June 6, 2023 (Tue)
MICROCHIP
WG",images/c_0364.jpg,2025-06-07 09:00:00
c_1146,Tech Enthusiast,0.9762148626145593,0.1773598883859346,0.7988549742286245,suggest,0.657561,c_0901,300x600,"FREE GIFT
free* Dime
wireless earbuds
WORTH
$69.95
Skullcandy
Subscribe
*While stocks last",images/c_1146.jpg,2025-11-11 18:00:00
c_1876,Small Business & B2B,0.975882348002864,0.6627758127123575,0.3131065352905066,suggest,0.6878877,c_1660,300x250,"4 of the Fortune 10
just switched
to Juniper's
industry-leading AI.
Demand more from your network →
Juniper of his
NETWORKS",images/c_1876.jpg,2025-02-11 15:00:00
c_1175,Student & Learner,0.9752172862573956,0.2168051559961287,0.7584121302612667,suggest,0.68555045,c_1205,300x250,"AMITY
AMITY
UNIVERSITY
13,000+
PLACEMENTS IN
1,000+ CORPORATES
IN 2021-22
APPLY FOR 2023 SESSION",images/c_1175.jpg,2026-08-19 17:00:00
c_1442,Traveler & Leisure,0.9743147400126588,0.4693662205996615,0.5049485194129972,suggest,0.57021874,c_1823,300x250,"NOV. 16-21, 2021
Belk Theater
Dr. Seuss'
How The
GRINCH
STOLE
CHRISTMAS!
THE MUSICAL
GET TICKETS",images/c_1442.jpg,2026-04-15 11:00:00
c_2659,Health & Wellness Seeker,0.974027710013658,0.2114811044648253,0.7625466055488327,suggest,0.636934,c_2542,300x250,"Suburban Medical Group
Affiliated with Suburban Community Hospital
WELCOME
Mohamad
Taha, M.D.
Interventional Cardiologist
CALL (610) 290-4270
LEARN MORE
www.suburbanhosp.org
Suburban
Medical Group
Cardiology
Department",images/c_2659.jpg,2025-08-13 21:00:00
c_2198,Traveler & Leisure,0.9738560366903252,0.0981196081996183,0.875736428490707,suggest,0.6339532,c_1203,300x250,"FIVE YEARS
(WTORNUT CITY DSLLS)
POMOⒸ
FIFTH ANNIVERSARY
OPENING NIGHT CELEBRATION
CA
BULLS
5
11/17/21
7PM
$5 TICKETS
And everything else $5 or less",images/c_2198.jpg,2025-04-07 13:00:00
c_0955,Student & Learner,0.973393370846992,0.4321588529729147,0.5412345178740774,suggest,0.6872113,c_1998,300x250,"FREE TRIAL COURSE
FOR NEW CCEI USERS!
SOC111:
Children and Grief
O
ENROLL NOW!
Valid Until 3/31/23
CHILDCARE
EDUCATION INSTITUTE
A Straighterline Company",images/c_0955.jpg,2025-07-06 04:00:00
c_2181,Traveler & Leisure,0.9727730376869124,0.1201158551590192,0.852657182527893,suggest,0.62700385,c_0327,300x250,"AUG
17
EXTREME
WITH VERY
SPECIAL GUEST
Living COLOUR
BUY TICKETS
Hard Rock
LIVE
NORTHERN INDIANA",images/c_2181.jpg,2025-06-20 07:00:00
c_0817,Traveler & Leisure,0.9725648713666816,0.1689934947540851,0.8035713766125965,suggest,0.5950205,c_1842,320x50,"ALEXEI RATMANSKY'S THE
GISELLE
WEST COAST PREMIERE
UNITED
UKRAINIAN
BALLET
JUNE 29-JULY 2
SEGERSTROM HALL
Buy tickets",images/c_0817.jpg,2025-08-23 15:00:00
c_2282,Tech Enthusiast,0.9717498176877176,0.2893013831561099,0.6824484345316078,suggest,0.67410666,c_0429,970x250,"Sports
CHICAGO
Ultimate Sports
Insider
Download the all new NBC Sports Chicago app
Download on the
App Store
GET IT ON
Google Play
IN-DEPTH
COVERAGE
SCORES
ANALYSIS
HIGHLIGHTS
ALERTS",images/c_2282.jpg,2025-06-02 04:00:00
c_2455,Tech Enthusiast,0.9714986545165892,0.0460477863319741,0.925450868184615,suggest,0.6270914,c_2180,728x90,"STAY AHEAD OF THE STORM
with the KSNT Storm Track Weather app
Download for FREE today!
KSNT
STORM
TRACK
8.4***
********
⠀⠀⠀⠀⠀⠀
KSNT
STORM
TRACK",images/c_2455.jpg,2025-06-07 19:00:00
c_0785,Traveler & Leisure,0.9704352188431948,0.0917943041722868,0.8786409146709079,suggest,0.60719144,c_1823,300x250,"A
Gentleman's Guide
Love
Bock and Rotterda
Robert L. Freedmander
Med Tyksy
Steven Lutvak
Roy Horniman
WINNER
Tony Award for
Best Musical
2014.
HIPPODROME THEATRE
THEHIPP.ORG | 352 375 4477
Previews
May 31 - June 1
June 2
July 9
Gainesville CAINESVILLE
560",images/c_0785.jpg,2025-11-19 21:00:00
c_0452,Traveler & Leisure,0.9700056566124552,0.9210209377076846,0.0489847189047707,suggest_with_caution,0.638754,c_1885,300x250,"YELLOW PINE
2023
YELLOW PINE
MUSIC &
HARMONICA
FESTIVAL
AUGUST 3RD - 5TH
Yellow Pine, Idaho
IDAHO McCall
JOIN THE FUN",images/c_0452.jpg,2026-03-11 06:00:00
c_1204,Homeowner,0.9678190902912144,0.3905742227828272,0.5772448675083872,suggest,0.6761489,c_1387,300x250,"THE BROWN
REAL ESTATE TEAM
See What We're All About
Property Collective
774B Walker Rd
Great Falls, VA
www.facebook.com/thebrownssellva.com
@brownteamrealtors
Lets Meet!
757-234-1590",images/c_1204.jpg,2025-08-25 15:00:00
c_1873,Homeowner,0.9669428090995636,0.8786601682143372,0.0882826408852264,suggest_with_caution,0.6792128,c_0367,300x250,"WANT TO WIN
THIS DREAM KITCHEN
All to support Make-A-Wish.
Yes please
omaze",images/c_1873.jpg,2025-03-20 16:00:00
c_0746,Traveler & Leisure,0.9664763605785284,0.5437464140150567,0.4227299465634716,suggest,0.6361408,c_1967,300x600,"SARGENTO
SARGENTO
THE BLE
WHOLE MILH
MOZZARELLA
B & C
REAL CHEESE
BRINGS GREAT
HAPPINESS
GET RECIPE",images/c_0746.jpg,2026-03-28 11:00:00
c_0529,Traveler & Leisure,0.9659880780102388,0.2923471923088875,0.6736408857013514,suggest,0.6720035,c_0825,320x50,"Old Fort Niagara
DISCOVER HISTORY",images/c_0529.jpg,2025-05-26 12:00:00
c_1167,Tech Enthusiast,0.9654647058380086,0.6315136159216369,0.3339510899163717,suggest,0.67073977,c_1579,300x600,"ONE BY
WILLIE
4
Season
Streaming Now
Listen on Apple Podcasts or
wherever you get your podcasts.
Listen on
Apple Podcasts
WITH SUPPORT FROM
STILL
AUSTIN
WHISKEY Co",images/c_1167.jpg,2026-04-14 16:00:00
c_2109,Traveler & Leisure,0.9650688912860091,0.1981239292784394,0.7669449620075699,suggest,0.6563904,c_2487,728x90,"NOW OPEN!
FALCONS AIR Restaurant
& Lounge
Enjoy lively music fine cocktails, food.
offerings galore and the company of one
another at Falcon's Lair Ripon's newest
restaurant/lounge with an old Hollywood flair
1225 CANAL BLVD.,
RIPON, CA 95366
1-209-599-9999",images/c_2109.jpg,2025-10-30 21:00:00
c_1112,Traveler & Leisure,0.9649217888216884,0.0840063227760902,0.8809154660455981,suggest,0.64231235,c_2823,300x250,"misterb&b
Luca
Host in Rome
Welcome the largest
LGBTQ+ travel community",images/c_1112.jpg,2025-08-17 23:00:00
c_1858,Traveler & Leisure,0.9638228276745968,0.2124101356030301,0.7514126920715667,suggest,0.662451,c_0961,300x250,"I!↓↓
Pedal PGH
30TH Anniversary.
2023
REGISTER
now!
AUG. 27, 2023
UPMC
HEALTH
PLAN
PEDAL PCH
A FUNDRAISER FOR BIKEPOH
30
WAR",images/c_1858.jpg,2025-09-20 20:00:00
c_1880,Homeowner,0.9629058191330264,0.1315841311276123,0.8313216880054142,suggest,0.69333774,c_1449,300x600,"-The-
STOVE DEPOT
We sell all things Wood, Gas and Pellet!
Stoves, Fireplaces, Inserts and more.
HARMAN
BUILT TO A STANDARD, NOT A PRICE
VERMONT
CASTINGS™
SHOP
NOW
FOR THE
BEST
DEALS",images/c_1880.jpg,2026-02-28 14:00:00
c_2656,Traveler & Leisure,0.9624526852946798,0.2774386505663266,0.6850140347283531,suggest,0.6249591,c_1874,300x250,"BOWLING-SKATING-ARCADE-POOL-
SPORTS BAR & GRILL
PANCKITT
DA
www.rockitianes.com
FAMILY FUN CENTER
M
513 Richard Jackson Blvd. Panama City Beach, FL 32407
(850) 249.2695 OPEN 7 days a week",images/c_2656.jpg,2026-07-15 20:00:00
c_0854,Traveler & Leisure,0.9621486408295148,0.0897375986547368,0.8724110421747779,suggest,0.64242494,c_1341,728x90,"FEATURED BREW
HNAPEE COSMIC BERRY SMASH
MULTI-BERRY SOUR ALE
WISCONSIN
BREWERY
Two Great Locations!
Algoma Taproom | Suamico Taproom & Brewing
920-785-0822 | 920-785-0895 | Follow f",images/c_0854.jpg,2026-01-27 23:00:00
c_2136,Traveler & Leisure,0.9621408754437412,0.4947709063519895,0.4673699690917517,suggest,0.62766594,c_0327,300x250,"JACKPOT
CHANNING TATUM PRESENTS
MAGIC
MIKE
LIVE
GET TICKETS
SAHARA
NEW 5PM SHOWS ADDED
FROM
$55",images/c_2136.jpg,2025-02-27 08:00:00
c_1812,Traveler & Leisure,0.9618134325877028,0.1402425241076487,0.821570908480054,suggest,0.64219236,c_1203,300x250,"SAVE the DATE
SUMMER 2024
PARIS
2024
CHROM
PARIS
2024
BANANS
for the
MARRIAGE of SPORT & CULTURE
in the heart of Paris",images/c_1812.jpg,2025-07-30 15:00:00
c_0251,Student & Learner,0.9603058233141792,0.095876865883707,0.8644289574304722,suggest,0.68930054,c_2205,970x250,"Bachelor of Science
Get a double major and start your
international career!
POLYTECHNIQUE
INSTITUT
POLYTECHNIQUE
DE PARIS
BX
EATLES
F
GRATION TEAM
BX",images/c_0251.jpg,2025-04-05 23:00:00
c_1851,Health & Wellness Seeker,0.9601617950629676,0.2360675778989942,0.7240942171639734,suggest,0.61387205,c_1963,300x250,"QUESTWISE Anti-fatigue Nutritional Eye Patch
100%
Natural
Your Eyes Deserve A Spa-Treatment
Relieve Eye Fatigue, Relieve Dry Eyes, Relieve Blurry Eyesight",images/c_1851.jpg,2026-04-20 00:00:00
c_0162,Traveler & Leisure,0.9598303711405812,0.804854557055665,0.1549758140849163,suggest,0.6724314,c_1430,300x250,"Unwrap the Joy
of Oprah's
Favorite Things
Shop on Amazon
OPRAITS FAVORITE THINGS
2021",images/c_0162.jpg,2026-04-11 11:00:00
c_2147,Traveler & Leisure,0.9597807286106598,0.2150428401017711,0.7447378885088887,suggest,0.63515025,c_2083,300x600,"A Palm Beach Masterpiece
200 Via Palma
Exclusively Listed by
Chris Leavitt
Adam McPherson
Jessica Willoughby
Douglas Elliman
CONNECT",images/c_2147.jpg,2025-02-09 00:00:00
c_1655,Health & Wellness Seeker,0.9594207007718278,0.2868367304837128,0.672583970288115,suggest,0.69976854,c_0872,320x50,"WCCB GIRLS
CHARLOT
HAVE SUN
@w
ENTER NOW
ENTER FOR A CHANCE TO
WIN A SELF-CARE PRIZE
PACK THAT WILL LEAVE YOU
REFRESHED AND
REVITALIZED!
CONTEST ENDS JULY 31
Cool Renewal
HYDRATE
MEDICAL",images/c_1655.jpg,2026-02-02 06:00:00
c_1158,Student & Learner,0.9591538925990308,0.1329799795356117,0.8261739130634191,suggest,0.6773325,c_2384,300x250,"1495
UNIVERSITY OF
ABERDEEN
One Year
Master's
Programmes
-MSC Archaeology
-MSC Archaeology of the
North
-MSC Osteoarchaeology
Study
In
Scot
land",images/c_1158.jpg,2026-04-13 14:00:00
c_0626,Traveler & Leisure,0.9584629860548836,0.1724258366512738,0.7860371494036098,suggest,0.6828902,c_2007,300x250,"BEST OF
Summer
-SWEEPSTAKES
Visit SouthernLiving.com/
BestOfSummer to enter for a
CHANCE TO WIN $2,000
to put toward
your summer travels.
NO PURCHASE NECESSARY. Ends: 11:59 p.m. ET on 7/20/23. Subject to Official Rules
available at www.SouthernLiving.com/BestofSummer. Void where prohibited.",images/c_0626.jpg,2025-03-15 09:00:00
c_0971,Traveler & Leisure,0.9561697117910556,0.1909830672045528,0.7651866445865029,suggest,0.6489643,c_0619,728x90,"Sandals
ROYAL CURAÇAO
WHERE AMAZING COMES TOGETHER
BOOK NOW",images/c_0971.jpg,2026-01-23 07:00:00
c_0877,Traveler & Leisure,0.955937061043864,0.3006915770927457,0.6552454839511184,suggest,0.6059355,c_2767,728x90,"Callaway
Resort & Gardens
Fantasy in Lights J
FEATURING
ALL-NEW CALLAWAY CHRISTMAS VILLAGE.
NOV. 19 - JAN. 3",images/c_0877.jpg,2026-01-22 15:00:00
c_1308,Health & Wellness Seeker,0.9548955455193828,0.7379502829362466,0.2169452625831361,suggest,0.6509708,c_1123,300x250,"Cavitron Ultrasonic Scaling
REMOVES 50%
MORE
active biofilm than hand scaling alone*
""When equal strokes applied in an
in-vitro study. Abstract which has
been reviewed and presented at
IADR
Learn More
Dentsply
Sirona",images/c_1308.jpg,2025-07-07 23:00:00
c_1969,Health & Wellness Seeker,0.9544971115016336,0.2684513996138912,0.6860457118877425,suggest,0.6530615,c_1994,300x250,"Four Corners Eye Clinic
SPECIALIZING IN MEDICAL AND SURGICAL EYE CARE
FREE Glaucoma Screening
MARCH 16, 2023 from 3-5pm",images/c_1969.jpg,2025-04-01 15:00:00
c_1181,Traveler & Leisure,0.9539438940402508,0.1426399737844034,0.8113039202558474,suggest,0.6236452,c_2437,300x600,"THE SUN WILL
COME OUT.
Annie
TUESDAY I 7:00
NOV 28
M
LIED
CENTER",images/c_1181.jpg,2025-03-20 17:00:00
c_2017,Traveler & Leisure,0.9538884611275944,0.4128139864314828,0.5410744746961116,suggest,0.6170102,c_1041,300x600,"ENCHANT
Nov 26 Jan 2
The World's
Largest Christmas
Light Maze
AT NATIONALS PARK
BUY TICKETS",images/c_2017.jpg,2026-02-21 18:00:00
c_2635,Traveler & Leisure,0.9527224474995932,0.1119193078268231,0.84080313967277,suggest,0.5262656,c_2437,300x250,"FROM ACADEMY AWARD NOMINEE
MAMORU HOSODA
BELLE
BELLE
I miss you
Belle
#Whols Belle
IN THEATRES JAN 14",images/c_2635.jpg,2025-10-18 20:00:00
c_2130,Traveler & Leisure,0.9520657947941358,0.166873156096465,0.7851926386976706,suggest,0.627116,c_1404,728x90,"ICE CUBE
MAY 28
TOO HORT TICKETS >>
WTHESPECIAL GUEST
ROLLING HILLS
- CASINO RESORT -",images/c_2130.jpg,2026-03-01 03:00:00
c_2711,Parent & Family,0.9518955963884664,0.8420490970779093,0.1098464993105572,suggest,0.6439111,c_2286,300x250,"mere
SNAKE RIVER OFF ROADERS CLUB
2021 Toy and Supply Drive For
The Ronald McDonald Family Room
@ EIRMC
-Serving Families From All Over East Idaho-
CLICK TO LEARN MORE
reto
page
CA
AMHC",images/c_2711.jpg,2026-07-20 02:00:00
c_2341,Traveler & Leisure,0.9517334287953848,0.1117740088539398,0.8399594199414449,suggest,0.6394627,c_1564,300x250,"Margot
Robbie
Ryan
Get Tickets Gosling
Barbie
Only In Theaters
Friday
©2023 WBEI",images/c_2341.jpg,2026-07-12 17:00:00
c_1772,Traveler & Leisure,0.9515531519109736,0.1561965757109496,0.7953565762000239,suggest,0.52683437,c_0559,300x250,"Universal
MUSIC
Festival
202
VENTA DE
ENTRADAS
TEATROREAL/MADRID
25 JULIO/21:30h.
Rufus Wainwright
Folkocracy
UNIVERSAL MUSIC FESTIVALES fever
TEATROREALES",images/c_1772.jpg,2026-03-16 19:00:00
c_2027,Traveler & Leisure,0.9508805649879434,0.406612941250114,0.5442676237378293,suggest,0.600326,c_1041,300x250,"ENCHANT
Nov 26-Jan 2
The World's
Largest Christmas
Light Maze
AT NATIONALS PARK
BUY TICKETS
wwww....",images/c_2027.jpg,2026-07-06 21:00:00
c_2142,Traveler & Leisure,0.9505661585179715,0.1177570570419703,0.8328091014760014,suggest,0.6826752,c_1122,300x250,"THANK YOU!
McAuliffe-Shepard Biscovery fienter
We bring the universe to you
CAPPIES
CAPITAL AREA
PEOPLE'S
PREFERENCE
1¹ PLACE
Best Museum
CAPPIES
CAPITAL AREA
PLAN YOUR VISIT AT WWW.STARHOP.COM
PEOPLE'S
PREFERENCE
2nd PLACE
Best Place to
Take Visitors",images/c_2142.jpg,2025-12-11 07:00:00
c_2284,Tech Enthusiast,0.9486819478413696,0.190407318764573,0.7582746290767967,suggest,0.6977032,c_1061,970x250,"CONSTANTINE
:::9
NOW
STREAM FOR FREE",images/c_2284.jpg,2025-05-28 05:00:00
c_1201,Small Business & B2B,0.9470283084531036,0.2016748859340998,0.7453534225190037,suggest,0.6654912,c_1377,300x250,"6TH ANNUAL CONFERENCE
4.19.23
BREAKING
BARRIERS
Finding Purpose & Possibilities Together
A conference featuring international speakers
Nadine Burke Harris, Dacher Keltner, BJ Miller,
Jeffrey Swanson, and Anna Malaika Tubbs.
LEARN MORE
HOWARD
H CENTER
Help is here.",images/c_1201.jpg,2025-03-13 12:00:00
c_2775,Traveler & Leisure,0.9466302156217946,0.3660057649666137,0.580624450655181,suggest,0.6476082,c_1334,300x250,"Bethpage
OF
THE
BEST CITY
BETHPAGE FEDERAL CREDIT UNION1
2022
WINNERS
HAVE BEEN
ANNOUNCED!
VISIT BESTOFNEWYORKCITY.COM
TO SEE WINNERS",images/c_2775.jpg,2026-02-24 01:00:00
c_2586,Traveler & Leisure,0.9460589063105832,0.3906480332367537,0.5554108730738295,suggest,0.6801672,c_1203,160x600,"teamLab:
CONTINUITY
FINAL BLOCK
OF TICKETS
ON SALE NOW
BUY NOW
Asian Art Museum
MUSEUM DIFFERENTLY.",images/c_2586.jpg,2025-01-25 05:00:00
c_2726,Student & Learner,0.9460417826708134,0.2886687910031554,0.6573729916676581,suggest,0.6860971,c_1205,300x250,"(ETS) TOEFL iBT.
TAKE THE
TOEFL* TEST TODAY.
SCORE ABOVE 75
AND
GET A CHANCE TO WIN
UK SCHOLARSHIP
UPTO 2.4LAKHS
APPLY NOW
*Application Closes 30th June
sh nigau
achievers COUNCIL",images/c_2726.jpg,2025-01-23 01:00:00
c_1591,Tech Enthusiast,0.9440372493283842,0.5356420491636027,0.4083952001647815,suggest,0.6755122,c_0573,300x250,"S
SUPERVIEW
SUPERCARS
NEVER MISS
ANOTHER LAP
STREAM QUALIFYING
& RACES LIVE IN HD
NICO
Red Bull
Holden
mtas supe
SUBSCRIBE NOW >
*Only available to residents outside of Australia and New Zealand.
D
de
per",images/c_1591.jpg,2025-01-24 10:00:00
c_0780,Health & Wellness Seeker,0.9439247802934322,0.1724457875422419,0.7714789927511903,suggest,0.67163455,c_0108,300x250,"#1
DOCTOR RECOMMENDED
form of turmeric curcumint
Qunol®
TURMERIC
available at
amazon
BUY NOW
Dun
+ Dr. Travis Stork M.D.",images/c_0780.jpg,2026-01-03 01:00:00
c_2450,Tech Enthusiast,0.9428866090400472,0.438838708663992,0.504047900376055,suggest,0.6943426,c_2180,300x250,"DOWNLOAD
TO GET THE
DOWN LOW!
GET IT ON
Google Play
DUT
NEWS
07/10/2019 6:55 AV POT
TMZ
VIDEOS PHOTOS
NBA'S ANDRE DRUMMOND
BIKINIS, BOOTY
AND BOOZE
.IN NEW RAP VIDEO
07/26/2010 10:31 AM POT
63 co
SPORTS",images/c_2450.jpg,2026-08-08 03:00:00
c_0803,Traveler & Leisure,0.941905188246602,0.0863327893741439,0.8555723988724582,suggest,0.69665575,c_2437,300x250,"EXPERIENCE THE
SPECTACLE OF A NEW
BROADWAY SEASON.
Season tickets
on sale now!
STRAZ
CENTER
Photo by Mathew Murphy for MurphyMode",images/c_0803.jpg,2026-08-07 18:00:00
c_1322,Small Business & B2B,0.9414219988840072,0.1078720419943813,0.8335499568896259,suggest,0.6760733,c_2705,300x600,"SUPERMICRO
Accelerate Everything
EX: 25x
10X
Learn More
AI, 5G, HPC, Networking and Storage
Workload Optimized Systems with 4th Gen
Intel® Xeon® Scalable Processor Accelerators
3.9x
5.3x
intel.
SUPERMICR XEON
PLATINUM",images/c_1322.jpg,2026-07-13 15:00:00
c_1103,Traveler & Leisure,0.9412912865848642,0.1161437110645607,0.8251475755203034,suggest,0.6746341,c_1907,300x250,"Butler County
2022
FREE
Butler County, PA
Visitor Guide
Request your copy today!",images/c_1103.jpg,2025-02-24 00:00:00
c_0574,Health & Wellness Seeker,0.9408580765880518,0.3249385462285185,0.6159195303595333,suggest,0.68299,c_2613,300x250,"מגן דוד
MAGEN
DAVID
ADOM
DITX
Savings. It's in our blood.
Support Israel's fastest
lifesaving service.
Donate Now
→",images/c_0574.jpg,2026-03-05 07:00:00
c_2717,Health & Wellness Seeker,0.93990565814331,0.1709303477989691,0.7689753103443409,suggest,0.6909701,c_0751,300x250,"Sick
Poultry Chicks: America's
7. COMMON
DISEASES
YOU MAY
ENCOUNTER
Favorite
Poultry
Magazine
DANGERS
IN THE COOP
KEEPING WAS
DO
PLUS
FORCON
Subscribe Today!",images/c_2717.jpg,2025-12-08 18:00:00
c_0207,Traveler & Leisure,0.9397502172179808,0.6164254125758939,0.3233248046420868,suggest,0.6258417,c_1203,300x250,"LIKE
NOTHING
YOU'VE DONE
BEFORE!
A FUN
AND ABSURD
EXPERIENCE!
THE EUREKA ROOM
LIGHTS,
SOUNDS, BIZARRE
INSTRUCTIONS,
& SURPRISES!
LIMITED
RUN! VISIT
SOON!
1408 E. Cesar Chavez | 512 766 9955
Open Most Days! 100% Austin-made
CLICK TO LEARN MORE & BOOK NOW!",images/c_0207.jpg,2026-01-05 04:00:00
c_0939,Small Business & B2B,0.9388450174046497,0.1916905909004782,0.7471544265041713,suggest,0.5535873,c_2151,970x250,"Xi charts course for China-Central Asia
cooperation
Chinese President Xi Jinping on Friday charted the course for
China-Central Asia cooperation in the new era at a milestone
summit with leaders of five Central Asian countries.",images/c_0939.jpg,2025-11-06 19:00:00
c_1088,Traveler & Leisure,0.937364749718093,0.6450001542044201,0.2923645955136729,suggest,0.6545171,c_1404,300x250,"West Virginia's First Waffle and Soda Bar!
The S'waffle Shack
419 VIRGINIA STREET WEST
CHARLESTON
304-754-2090",images/c_1088.jpg,2026-01-31 22:00:00
c_0530,Health & Wellness Seeker,0.9364085748724428,0.1177080727566198,0.8187005021158228,suggest,0.6435365,c_0901,300x250,"€2023 BIC USA Inc.
FLONGER
LASTING
PLEAS
1-2
Flex 5
TITANIUM
2 RAZORS
BIC
Flex5
FLEXIBLE BLADES
THAT LAST.
So your paycheck does too.
SHOP NOW
Available at
Walmart",images/c_0530.jpg,2026-04-14 16:00:00
c_1488,Traveler & Leisure,0.9363158470905634,0.3383970011594368,0.5979188459311265,suggest,0.66013724,c_1905,300x250,"3D Tour
From the Upper $500s
2-Level Garage Condos for Sale
Visit Our Models!
20306 Newfoundland Sq, Ashburn, VA 20147
New Construction Homes at Ashbrook Place",images/c_1488.jpg,2025-04-04 17:00:00
c_0370,Tech Enthusiast,0.9354676368422912,0.2415077359236641,0.6939599009186271,suggest,0.6702111,c_0359,300x250,"THE
KARDASHIANS
obe NEWS SPECIAL
abo
WEDNESDAY NIGHT 817c
STREAM ON hulu",images/c_0370.jpg,2026-07-23 22:00:00
c_0405,Health & Wellness Seeker,0.9349954327554012,0.2316406180705171,0.7033548146848839,suggest,0.6988453,c_0384,300x250,"VOTE
FOR US!
2023
BOULDER
COUNTY
Taly Curwn
ALTA
PHYMCAL THERAPY & FRATIS
Alta
Physical Therapy Center
Pilates Studio
Woman Owned
DailyCamera/VOTE",images/c_0405.jpg,2025-09-04 00:00:00
c_2333,Traveler & Leisure,0.9330360771911032,0.4400078630828569,0.4930282141082464,suggest,0.68732554,c_0518,300x600,"ROSELINLIN
・ Chic
LINEN FASHION
SHOP NOW",images/c_2333.jpg,2026-04-24 10:00:00
c_1976,Traveler & Leisure,0.9318578285498942,0.33654213999742,0.5953156885524742,suggest,0.6801987,c_0573,300x250,"* ALL RISE
* YOUNG SHELDON *
BLUE BLOODS *
OCBS
HITS STREAMING ON
Paramount+
TRY IT FREE",images/c_1976.jpg,2025-07-26 04:00:00
c_1507,Traveler & Leisure,0.9317602040694918,0.1421771623008315,0.7895830417686602,suggest,0.6824453,c_2777,300x250,"AUSTIN TRAIL LIGHTS
OF
POWERED BY H-E-B
EXPERIENCE
THE MAGIC
SCHEDULE YOUR VISIT",images/c_1507.jpg,2026-03-01 14:00:00
c_0168,Traveler & Leisure,0.9310529601756296,0.2964433172883065,0.634609642887323,suggest,0.6535363,c_2549,300x250,"ALL SEVEN HARRY POTTER BOOKS
IN SEVENTY HILARIOUS MINUTES!
""WILDLY
INVENTIVE!""
Houston Press
POTTED
POTTER
""CASTS THE
PERFECT SPELL""
The New York T
TICKETS FROM $59
BUY TICKETS",images/c_0168.jpg,2025-10-24 23:00:00
c_2732,Homeowner,0.9309740728354984,0.2108946075826044,0.7200794652528938,suggest,0.6951099,c_1078,300x250,"Study your way
Make the everyday easier with Windows 11.
hp with
HP Envy x360
15-es2050wm
Shop now
Windows 11
CORE
Walmart",images/c_2732.jpg,2025-05-10 23:00:00
c_1115,Tech Enthusiast,0.930437739826086,0.1483803949573923,0.7820573448686938,suggest,0.6829307,c_2601,300x250,"THE OFFICIAL
INTERNATIONAL
STREAMING
PARTNER OF
THE NRL
WATCH
NRL
PREMIERSHIP
Not available in Australia,
NZ or Pacific Islands",images/c_1115.jpg,2026-07-07 08:00:00
c_1924,Traveler & Leisure,0.9294573660793514,0.7391110681776077,0.1903462979017436,suggest,0.6916928,c_2823,300x250,"Johnny Moris
WONDERS OF WILDLIFE
NATIONAL
MUSEUM & AQUARIUM
Explore the
WONDER",images/c_1924.jpg,2025-06-28 08:00:00
c_0339,Traveler & Leisure,0.9282632792244324,0.2256011997854009,0.7026620794390315,suggest,0.6663709,c_2654,300x250,"OMNI RESORTS
barton creek | austin
YOU PAUSED
NOW PLAY
▸ HOLIDAY IN THE HILLS",images/c_0339.jpg,2025-05-18 22:00:00
c_1553,Tech Enthusiast,0.9256573717104974,0.2892625185313187,0.6363948531791788,suggest,0.665094,c_0573,728x90,"Original #IYKYK
iCarly
NEW SEASON
NOW STREAMING
EXCLUSIVELY ON
mount+
TRY IT FREE",images/c_1553.jpg,2026-03-17 21:00:00
c_0996,Traveler & Leisure,0.9250128970123188,0.2582363482604076,0.6667765487519113,suggest,0.6596924,c_2286,300x250,"Museum Member
Appreciation Weekend!
Thurs., November 18 through Mon., November 22
CDM
$20 OFF
Memberships
20% OFF
Museum Store
children's
discovery
museum
Childrens Discovery Museum.net",images/c_0996.jpg,2026-07-02 05:00:00
c_0545,Homeowner,0.9243606014851826,0.5808728024550397,0.3434877990301429,suggest,0.69849914,c_1387,300x250,"READERS'
CHOICE
WINNER
2023
#1 REALTOR®
Thank You!
B
BETH MCGEORGE
TEAM
RE/MAX
JEFFERSON CITY
BethMcGeorge.com
573-761-3489
Ⓒf",images/c_0545.jpg,2025-03-25 02:00:00
c_0437,Traveler & Leisure,0.9239438335090908,0.2095617291223822,0.7143821043867086,suggest,0.6665753,c_0874,300x250,"Char
AL HA
SHOW ALOHA LAND'S
2ND ANNUAL
LAND
a Winter Wonderland
BUY TICKETS NOW",images/c_0437.jpg,2025-04-01 16:00:00
c_2651,Traveler & Leisure,0.9235781071813922,0.1038691651644941,0.819708942016898,suggest,0.6080975,c_2437,970x250,"COME BACK TOGETHER AT CANADA'S #1 MUSICAL
COME FROM
AWAY
REOPENING
DECEMBER 15
ROYAL ALEXANDRA
THEATRE
BUY TICKETS",images/c_2651.jpg,2025-12-30 03:00:00
c_2330,Student & Learner,0.922997068964483,0.1634957028793836,0.7595013660850993,suggest,0.68955415,c_1205,728x90,"SATHYABAMA
INSTITUTE OF SCIENCE AND TECHNOLOGY
(DEEMED TO BE UNIVERSITY)
ADMISSIONS OPEN 2023
ENGINEERING | ARCHITECTURE I MANAGEMENT
ARTS & SCIENCE I LAW IDENTAL | PHARMACY
NURSING | PHYSIOTHERAPY
APPLY NOW",images/c_2330.jpg,2025-04-12 07:00:00
c_0606,Homeowner,0.9223544426969126,0.4763965717546528,0.4459578709422598,suggest,0.6763221,c_1931,300x600,"MINIMALIST
MODERN,
LIVING
LIVE
WORK
====
ROWON 25TH
LUXURY RENTAL HOMES
713.974.4292
WWW.ROWON25TH.COM
Exclusively Managed By:
Tarantino Properties, Inc
Tarantino",images/c_0606.jpg,2025-07-10 19:00:00
c_1058,Traveler & Leisure,0.9222358503959106,0.1350772469921054,0.7871586034038052,suggest,0.5925597,c_0840,728x90,"COLDPLAY
MUSIC of the SPHERES
WORLD TOUR
WITH SPECIAL GUEST HE.R.
TICKETS ON SALE NOW
COLDPLAY.COM
LIVE NATION",images/c_1058.jpg,2025-07-21 01:00:00
c_0220,Health & Wellness Seeker,0.92195900807954,0.1786031573220264,0.7433558507575134,suggest,0.6890002,c_2542,728x90,"Suburban Medical Group
Affiliated with Suburban Community Hospital
WELCOME
Mohamad
Taha, M.D.
Interventional Cardiologist
Suburban Medical Group
Cardiology Department
CALL (610) 290-4270
LEARN MORE
www.suburbanhosp.org",images/c_0220.jpg,2026-05-22 01:00:00
c_1399,Health & Wellness Seeker,0.9205953148727608,0.3879370811806168,0.5326582336921439,suggest,0.68123335,c_1729,300x600,"BIOFRESH & BIOFRESH
MICROBIAL
June 1- July 31, 2023
BUY 5
GET 1 FREE
HELP YOUR HERD
ENHANCE FEED INTAKE
IMPROVE RUMINAL FERMENTATION
SUPPORT IMMUNE FUNCTION
Microbial Gel
Microbial Bolus
COBA
614-878-5333
SELECT
BIOFRESH
Since 1946
www.cobaselect.com
SIRES",images/c_1399.jpg,2026-06-09 09:00:00
c_1648,Homeowner,0.9183850146879476,0.1968179609844815,0.721567053703466,suggest,0.68828076,c_0684,728x90,"TINTING
APTINTING
Protect your castle.
One window at a time.
GET A QUOTE",images/c_1648.jpg,2025-05-24 15:00:00
c_0254,Traveler & Leisure,0.9174099970334356,0.8974762645492134,0.0199337324842221,suggest_with_caution,0.6633273,c_0467,300x250,"HIPPIE & FRENCH
Thanks for
Voting Us Best
CBD Store
No Medical
Card Needed
5122 Butler St
hippieandfrench.com
APPIE & FRENCH
hot
mess
1500mg
30 ML
MIPPIE
1
m
131
F%
ra",images/c_0254.jpg,2025-10-09 07:00:00
c_1200,Small Business & B2B,0.9150377499328636,0.6066947353114577,0.3083430146214058,suggest,0.6892519,c_1514,300x250,"CALIFORNIA CORRECTIONAL
HEALTH CARE SERVICES
HIRING EVENT
MAY 24 9AM - 6PM
MAY 25 8AM - 5PM
LEARN MORE >
EDE",images/c_1200.jpg,2025-08-18 00:00:00
c_2395,Traveler & Leisure,0.914438677565774,0.2051507581398048,0.7092879194259694,suggest,0.57942885,c_1874,728x90,"ROCKIT
LANES
BOWLING-SKATING-ARCADE-POOL-SPORTS BAR & GRILL
www.rockitlanes.com
FAMILY FUN CENTER
513 Richard Jackson Blvd. Panama City Beach, FL 32407 (850) 249.2695 OPEN 7 days a week
Cici
!!/
THULE",images/c_2395.jpg,2025-10-28 12:00:00
c_2076,Traveler & Leisure,0.9134107934704296,0.1906217056532302,0.7227890878171995,suggest,0.6556676,c_1706,300x250,"Ⓒ
PREMIER
RENTALS
BOOK ONLINE
NOW FOR 2022!
WELCOME YOUR TOP EMPLOYEES BACK TO
THE OFFICE WITH A TRIP TO WRIGLEY FIELD
LEARN MORE",images/c_2076.jpg,2025-10-24 21:00:00
c_0851,Tech Enthusiast,0.9131915090998212,0.3291207661293861,0.584070742970435,suggest,0.6695876,c_1490,300x250,"ALL NEW
DUSK 19
AVAILABLE NOW!
LONE
WOLF",images/c_0851.jpg,2026-05-04 19:00:00
c_0290,Traveler & Leisure,0.9123948421973866,0.2261502165813831,0.6862446256160035,suggest,0.58763564,c_2772,300x600,"GEORGE W. BUSH
PRESIDENTIAL CENTER
IN CONGRESS JULY 4, 1776.
Germaniamous Perlantation of some states of Ame
FREEDOM
MATTERS
AT THE GEORGE W. BUSH PRESIDENTIAL CENTER
MARCH 2 DECEMBER 31
plan your
BUSHCENTER.ORG
visit",images/c_0290.jpg,2026-03-21 16:00:00
c_2376,Traveler & Leisure,0.9112604383370614,0.172300531641366,0.7389599066956953,suggest,0.611713,c_0327,300x250,"RIVERS
THE
CASINO
OFFICIAL CASINO
PARTNER OF THE CHICAGO BEARS",images/c_2376.jpg,2025-10-04 16:00:00
c_2065,Traveler & Leisure,0.9089607586023788,0.207917945112098,0.7010428134902809,suggest,0.6045504,c_1041,728x90,"ENCHANT
Nov 26 - Jan 2
The World's Largest
Christmas Light Maze
AT NATIONALS PARK
BUY TICKETS",images/c_2065.jpg,2025-02-25 19:00:00
c_2445,Traveler & Leisure,0.9085736672647118,0.1665809834192195,0.7419926838454922,suggest,0.46594808,c_1203,300x250,"THE
AVALANCHES
LIVE!
SEPTEMBER 22
GREEK THEATRE",images/c_2445.jpg,2025-02-21 13:00:00
c_0919,Traveler & Leisure,0.907427711000746,0.2133286036678117,0.6940991073329342,suggest,0.6298931,c_1555,300x600,"NEW
Rolling Stone
ON SALE 5 DEC 2022
Roll's Stone
THE MOST
ICONIC
MUSIC
MOMENTS
OF ALL TIME
SPECIAL
COLLECTOR'S
EDITION
AUNZ
SEC
Ee",images/c_0919.jpg,2025-02-20 19:00:00
c_1970,Tech Enthusiast,0.905531311769898,0.2224460703326407,0.6830852414372571,suggest,0.63813144,c_0013,300x250,"FREE Subscription Gift*
Rolling Stone
Subscribe
today.
Dime
JSkullcandy
""While stocks last
free
wireless
earbuds
WORTH
$69.95",images/c_1970.jpg,2025-03-24 03:00:00
c_0922,Small Business & B2B,0.9044839470661378,0.2949672631079263,0.6095166839582115,suggest,0.682411,c_2470,300x250,"dynatrace
More satisfied
customers
than New Relic.
Leader
SPRING
2022
See why",images/c_0922.jpg,2025-05-24 14:00:00
c_0096,Tech Enthusiast,0.9041529640910032,0.4239822985983314,0.4801706654926719,suggest,0.68095356,c_1907,728x90,"HOOD
OWNING TIPS
DOUG'S
HELPFUL
YOUR OUTDOORS
Friday mornings at 6:30am
FOX
DAKOTA
NEWS NOW
brought to you by
@Lewis
Your first stop",images/c_0096.jpg,2025-01-14 14:00:00
c_0027,Tech Enthusiast,0.9030527172694236,0.2122230259909075,0.690829691278516,suggest,0.6985353,c_2243,970x90,"T Mobile
AMERICA'S LARGEST & FASTEST
5G NETWORK
Learn more
Fastest based on median, overall combined
5G speeds according to analysis by Ookla
of Speedtest Intelligence data for Q1 2023.
See 5G device, coverage, & access details at
T-Mobile.com.",images/c_0027.jpg,2025-12-14 12:00:00
c_1898,Health & Wellness Seeker,0.9030222954475076,0.1187301184549322,0.7842921769925754,suggest,0.6772202,c_2727,300x600,"SARTORIUS
Rapid Multiplexed Profiling
of Antibody Dependent
Cell Cytotoxicity
Poster",images/c_1898.jpg,2025-04-17 10:00:00
c_0195,Traveler & Leisure,0.9028579423747668,0.0767981572924859,0.8260597850822807,suggest,0.69477904,c_2823,300x250,"SHANDON
HOTEL & SPA
•Take Me to Shandon",images/c_0195.jpg,2026-08-13 13:00:00
c_2415,Small Business & B2B,0.9022785394182872,0.5345901363091327,0.3676884031091546,suggest,0.6963264,c_0187,300x250,"MIT
Technology
Review
EmTech
Digital
Join us
March 29-30, 2022
Register now",images/c_2415.jpg,2026-04-15 18:00:00
c_2069,Small Business & B2B,0.8993251968879877,0.1815192916654721,0.7178059052225156,suggest,0.6894954,c_0562,300x250,"Peppy
Webinar
30th March, 12:00-12:30pm
Lessons learnt
from International
Women's Day
Register now",images/c_2069.jpg,2026-04-30 08:00:00
c_0069,Traveler & Leisure,0.8983233073950986,0.3047565757105772,0.5935667316845215,suggest,0.67109144,c_1203,300x250,"Be Wildlly
Jaspired!
NATIONAL MUSEUM OF WILDLIFE ART
Open Daily 9AM-5PM",images/c_0069.jpg,2025-11-24 19:00:00
c_1389,Traveler & Leisure,0.8981607442237499,0.1687233475819184,0.7294373966418315,suggest,0.6990046,c_0000,300x250,"Salt City
BEST
The Salt Lake Tribune
NOMINATIONS
OPEN NOW -",images/c_1389.jpg,2025-11-28 14:00:00
c_0175,Traveler & Leisure,0.8981298884191791,0.4520237460248044,0.4461061423943746,suggest,0.6654977,c_1404,160x600,"ReynoldsKITCHENS
PINK
Butcher Paper
www
Cen
HOKK
SMOKE
MEATS
LIKE
A PRO",images/c_0175.jpg,2026-04-10 06:00:00
c_1474,Traveler & Leisure,0.8975853654774091,0.5638486040647797,0.3337367614126294,suggest,0.6262962,c_2374,300x250,"El Dorado Hills Chamber of Commerce presents ...
A Trip For An Adventure to
VIETNAM
March 1 - 10, 2022
10 Days R/T Air, Meals, Tours
Hanoi
Ha Long Bay
Hoi An
HCM City
USD $2,399
Click Here",images/c_1474.jpg,2025-08-15 13:00:00
c_1681,Traveler & Leisure,0.8975657818949465,0.1987183973122517,0.6988473845826948,suggest,0.63130987,c_2120,970x250,"MEL
TRENTA 3K CARBON Mips AIR
The most advanced road cycling helmet
we have ever made.
Upgraded.
Get Air
MET
Tadej Pogačar 2 times winner of Le Tour de France.",images/c_1681.jpg,2026-08-26 15:00:00
c_1018,Traveler & Leisure,0.8970493796004874,0.0900117862941562,0.8070375933063311,suggest,0.6352497,c_0327,970x250,"FIFTH ANNIVERSARY
OPENING NIGHT CELEBRATION
FIVE YEARS
WINDY CITY BULLS
PRESENTED BY BMO
11/17/21 $5 TICKETS
7PM
And everything else $5 or less
BULLS
5
BM",images/c_1018.jpg,2025-11-04 07:00:00
c_1933,Small Business & B2B,0.8939083224398275,0.7342365163292116,0.1596718061106159,suggest,0.62948984,c_1203,300x250,"THE BIG EVENT
IS COMING BACK!
COLORADO POLITICS
2023 LEGISLATIVE RECEPTION
MARCH 23, 2023
BROWN PALACE HOTEL
CLICK HERE
TO RESERVE TICKETS",images/c_1933.jpg,2025-02-07 08:00:00
c_1768,Tech Enthusiast,0.892619074112414,0.6036095374500785,0.2890095366623355,suggest,0.66130686,c_0518,300x600,"Olx AUTOS
JUJURLY, JUAL MOBIL
DI KAMI UANG
CEPAT LAKUNYA
[GAK SECEPAT MOBIL TERBANG SIH)
Olx AUTOS
#JujurlyAman | olxautos.co.id",images/c_1768.jpg,2025-03-22 00:00:00
c_0336,Traveler & Leisure,0.8922738844083442,0.5022162514747635,0.3900576329335807,suggest,0.6956689,c_2313,300x250,"NEBULA
WHO'S MY SOULMATE?
START TEST",images/c_0336.jpg,2025-12-31 02:00:00
c_0241,Health & Wellness Seeker,0.8921228612547542,0.1844181632460356,0.7077046980087185,suggest,0.6875745,c_0518,300x250,"AIR COMPRESSION BOOTS
NEW
AIR RELAX
AIR RELAX
Th",images/c_0241.jpg,2025-11-30 20:00:00
c_1062,Traveler & Leisure,0.8914516416769483,0.0744753350989042,0.8169763065780441,suggest,0.6560943,c_0327,300x250,"SAN FRANCISCO
DOCUMENTARY
FESTIVAL
JUNE 1-11
SFINDIE.COM
WE
NEFEST",images/c_1062.jpg,2025-12-21 17:00:00
c_2551,Tech Enthusiast,0.8906837203574486,0.1064545346476779,0.7842291857097706,suggest,0.67636126,c_1061,300x600,"VAMPIRE
BLOOD
HUNT
DOMINATE
THE NIGHT
• PLAY FREE NOW.
PSS
STEAM
MATURE 17+
M
CONTENT RATED
ESRB",images/c_2551.jpg,2025-09-12 10:00:00
c_0635,Traveler & Leisure,0.8897636631453942,0.6321630325236333,0.257600630621761,suggest,0.6415746,c_2165,300x250,"LA JOLLA KAYAK
The Original Kayak Tour of The Seven Caves
BOOK YOUR TOUR TODAY!",images/c_0635.jpg,2026-06-13 10:00:00
c_2724,Traveler & Leisure,0.8881861467666157,0.2034052909037662,0.6847808558628494,suggest,0.621114,c_2148,300x600,"flyexclusive
$
Robb Report
BEST OF
THE BEST
WINNER
2022
Up to $100k
in flight credits
with a share purchase of
a brand new Citation CJ3+.",images/c_2724.jpg,2026-08-14 22:00:00
c_0477,Traveler & Leisure,0.886718069287589,0.4935077539923401,0.3932103152952488,suggest,0.5900497,c_1341,300x600,"Urban
South
BREWERY
Urban
South
TWER
HTX
HAZY JUICY
IPA
*SWA",images/c_0477.jpg,2026-07-03 12:00:00
c_0277,Traveler & Leisure,0.8853913629690626,0.6260827353284376,0.259308627640625,suggest,0.6553045,c_2438,300x250,"THE CITY
The first book
to explore
AUTHENTIC how our cities
gentrify by
becoming
HOW THE ATTENTION ECONOMY
BUILDS URBAN AMERICA
DAVID A. BANKS
social media
influencers-
and why it
works.
UNIVERSITY
of CALIFORNIA
PRESS",images/c_0277.jpg,2025-04-14 09:00:00
c_1981,Traveler & Leisure,0.8843717074898345,0.3076933823532894,0.576678325136545,suggest,0.68311507,c_2437,300x250,"BLEAK
EXPECTATIONS
CRITERION THEATRE
PERFORMANCES START 3 MAY
BOOK NOW",images/c_1981.jpg,2026-08-28 20:00:00
c_2598,Traveler & Leisure,0.8840246975666055,0.1900973803255637,0.6939273172410417,suggest,0.66704184,c_2089,970x250,"FIFA WOMEN'S
WORLD CUP 2023™
USA
VS
VIE
JUL 21
8:30PM ET/5:30PM PT
TELEMUNDO
peacock
streaming en espec",images/c_2598.jpg,2026-07-06 00:00:00
c_2056,Traveler & Leisure,0.881985779690089,0.3007891536977349,0.581196625992354,suggest,0.6841955,c_1176,300x250,"Interested in Owning Your Own Franchise?
NOVEMBER 20 & 21
The
Franchise
Show
NORTH CAROLINA
STATE FAIRGROUNDS
OPEN
VauxOMEDICAL ROSATT'S
GET FREE
TICKETS!
Celebree
SCHOOL",images/c_2056.jpg,2025-07-13 07:00:00
c_1578,Traveler & Leisure,0.8805538736512224,0.2534769412981041,0.6270769323531182,suggest,0.54829055,c_2826,728x90,"FROM MAMORU HOSODA (MIRAI, WOLF CHILDREN)
BELLE
IN THEATRES JANUARY 14
WATCH
TRAILER
STICADU",images/c_1578.jpg,2026-03-26 02:00:00
c_2314,Traveler & Leisure,0.8792222454015478,0.2725664142247346,0.6066558311768131,suggest,0.58921444,c_1404,728x90,"TRUIST HH
Z LIGHTS NOV-DEC
WE HAVE TONS OF LIGHTS
SELECT TICKETS AT MEMPHISZOO.ORG",images/c_2314.jpg,2025-06-17 13:00:00
c_0595,Traveler & Leisure,0.8791656884326421,0.1442268106352958,0.7349388777973462,suggest,0.5813399,c_1203,300x250,"teamLab: BUY NOW
CONTINUITY
FINAL BLOCK OF TICKETS ON SALE NOW
V
Asian
Art
Museum",images/c_0595.jpg,2025-06-20 16:00:00
c_1270,Traveler & Leisure,0.8787067416166734,0.4462062564655196,0.4325004851511537,suggest,0.6857082,c_1278,300x250,"AMAWATERWAYS'
EXPERIENCE COLOMBIA
LIKE NEVER BEFORE
Enjoy 5% off on 2024 Magdalena River Cruises
LEARN MORE
ADE",images/c_1270.jpg,2025-11-07 00:00:00
c_2317,Traveler & Leisure,0.8781434830217861,0.1913855360219478,0.6867579469998384,suggest,0.65169245,c_0621,300x600,"2033
GREATER PALM SPRINGS
Getaway
GUIDE
SUMMER
GUIDE TO
GREATER
PALM SPRINGS
VIEW ISSUE",images/c_2317.jpg,2026-05-09 21:00:00
c_0104,Homeowner,0.8764105965548671,0.8676798255983172,0.0087307709565498,suggest_with_caution,0.6963075,c_2662,300x250,"Stale
Style
Home FOR THE
HOLIDAYS
$300 SPREE
or
SHOPPING
Mortgage or Rent
PAID IN 2022
SPONSORED BY:
ENTER TO WIN
Bailey & Wood
MORTGAGE LENDER",images/c_0104.jpg,2026-03-29 08:00:00
c_1118,Student & Learner,0.8760438571033109,0.3428255253233499,0.533218331779961,suggest,0.6808153,c_1998,300x250,"Avail upto
1,500 OFF
on your TOEFL iBT Test
COUPON CODE: CARR20
Register now
*Offer valid till 30th June 2023
ETS, TOEFL.",images/c_1118.jpg,2026-08-07 00:00:00
c_1202,Traveler & Leisure,0.8753163376844877,0.1345073232184951,0.7408090144659926,suggest,0.55777025,c_0573,300x600,"35TH ANNIVERSARY
STUDIO GHIBLI
FEST 2021
CASTLE
IN THE SKY
FROM ACADEMY AWARD-WINNING DIRECTOR
HAYAO MIYAZAKI
IN THEATERS
NOVEMBER 14, 15 & 18
BUY TICKETS
「スタジオジブリ作品
STUDIO CH
FATHOM
EVENTS
GKIDS",images/c_1202.jpg,2025-08-07 01:00:00
c_2206,Traveler & Leisure,0.871836860674021,0.4098143214209022,0.4620225392531188,suggest,0.5054057,c_2083,300x250,"Velvet
Underground
Nico
SCEPTER STUDIO SESSIONS
the warhol: BOOK TICKETS",images/c_2206.jpg,2025-10-24 16:00:00
c_1467,Student & Learner,0.8701918085869358,0.6568492224025395,0.2133425861843962,suggest,0.6632065,c_0756,300x250,"The Delaware National Bank
of Delhi
NOW HIRING
FULL & PART TIME TELLERS
THE
NATIONAL
ORGANIZED
NB
1839
DELHI N.Y.
BANK
APPLY HERE",images/c_1467.jpg,2025-03-11 16:00:00
c_0422,Health & Wellness Seeker,0.8691797667844909,0.3389130352192635,0.5302667315652274,suggest,0.5465099,c_1072,970x90,"BAD BOY
CAROLINA HERRERA
NEW YORK
BAD BOY EXTREME
THE NEW EAU DE PARFUM",images/c_0422.jpg,2025-03-20 09:00:00
c_2600,Small Business & B2B,0.8680597522337059,0.2894499543235003,0.5786097979102056,suggest,0.6740441,c_2652,300x250,"SPONSORED CONTENT
How Zoom has transformed to become
a comprehensive communications platform
for businesses
Read Now
Presented by zoom",images/c_2600.jpg,2026-07-16 18:00:00
c_0115,Homeowner,0.8668650565804261,0.8407198126943383,0.0261452438860878,suggest_with_caution,0.65966165,c_1402,300x250,"NaviLink Lite
Wi-Fi remote control system
Easily Communicate to any Navien
tankless water heater, combi-boiler,
or boiler with your smartphone
•10.10
Learn More!
NAVIEN",images/c_0115.jpg,2025-07-17 17:00:00
c_0523,Traveler & Leisure,0.8656881388873334,0.2272035466985283,0.6384845921888052,suggest,0.66964996,c_0840,300x250,"FREDERIC DA SILVA
PARANORMAL
Mind Reading Magic
RATED 4.9/5
EXCEPTIONAL
TICKETS FROM
$28
BUY TICKETS",images/c_0523.jpg,2025-10-30 13:00:00
c_2556,Traveler & Leisure,0.8648054147483774,0.2887514305082417,0.5760539842401357,suggest,0.6693947,c_0202,300x600,"P&G
THE GREAT
GROCERY
THANKSGIVING
GIVEAWAY!
ENTER DAILY for your chance
to win a $100 gift card!",images/c_2556.jpg,2025-03-12 00:00:00
c_1946,Small Business & B2B,0.8624702602245532,0.4691741137746857,0.3932961464498674,suggest,0.6866308,c_1800,300x250,"Microsoft
Windows Copilot
together with Bing
Chat and plugins
helps users get
more done
Learn more >",images/c_1946.jpg,2025-09-26 10:00:00
c_0046,Traveler & Leisure,0.8622213079223969,0.1918355016713037,0.6703858062510932,suggest,0.58541054,c_0327,300x250,"Coors
LIGHT
UNTRACKED
CONCERT SERIES
Sunshine
Village",images/c_0046.jpg,2025-08-03 13:00:00
c_0858,Small Business & B2B,0.8613922065561972,0.1159116153913809,0.7454805911648162,suggest,0.6669537,c_1166,336x280,"THECHANNELCO.
NEXGEN+
/CONFERENCE
Get NexGen+ 2021
Presentations On Demand
Available Any Time
ACCESS NOW
#NGC21",images/c_0858.jpg,2025-10-01 09:00:00
c_0911,Tech Enthusiast,0.8588103008145548,0.2135555173807962,0.6452547834337585,suggest,0.68999726,c_0573,300x250,"Viasat
Working
from home?
Use popular business apps
without using all your data.
GET OFFICE HOURS
Only with Viasat satellite internet",images/c_0911.jpg,2025-10-30 10:00:00
c_1457,Homeowner,0.8571620201443694,0.7496144378227808,0.1075475823215885,suggest,0.66189694,c_1963,728x90,"LET HEFTY'DO
THE DISHES
Ⓒ2023 Reynolds Consumer Products LLC
ECOSAVE
SHOP NOW",images/c_1457.jpg,2025-05-26 06:00:00
c_1374,Small Business & B2B,0.8551082031372821,0.1952189596827133,0.6598892434545687,suggest,0.69392383,c_2776,300x250,"Small but mighty.
The world's smallest HSM secures
modern infrastructures
Download the white paper >
yubico",images/c_1374.jpg,2026-06-06 02:00:00
c_1292,Parent & Family,0.8550910263509347,0.3082480027539152,0.5468430235970195,suggest,0.6989368,c_1983,300x250,"An Easy Way to Make
Family Time a Priority from
Advent through Epiphany
ME
AgaCh
121
and
HP 25
expl
The ide
Learn More
Families Celebrate
2013023
Art&Cristas",images/c_1292.jpg,2026-04-14 07:00:00
c_1935,Tech Enthusiast,0.8541256321433486,0.196891925169186,0.6572337069741626,suggest,0.6507988,c_0573,300x250,"86
FIRST THINGS
VIDEO
THE
CREED
A FILM BY TIM KELLEHER
Now available on DVD and
MP4 digital download",images/c_1935.jpg,2025-02-08 17:00:00
c_2250,Homeowner,0.853532464241062,0.7940429508452135,0.0594895133958485,suggest_with_caution,0.685666,c_2767,300x250,"$610,490
3 Bds | 2.5 ba | 1,920 sqft - Model Home For Sale
1135 Futurity St. Frederick, MD 21702
Keystone Custom Homes",images/c_2250.jpg,2025-02-07 17:00:00
c_1546,Traveler & Leisure,0.8534771967071414,0.1937429024485606,0.6597342942585808,suggest,0.6984393,c_1706,728x90,"SEW
ENGL
LOOKING FOR NEW ENGLAND REVOLUTION TICKETS?
YOU'LLSCORE AT TICKETMASTER
REVOLUTION The Official Ticketing Partner of the New England Revolution.
t
Buy Tickets",images/c_1546.jpg,2026-07-25 19:00:00
c_0810,Student & Learner,0.852745166801355,0.3283467724341327,0.5243983943672224,suggest,0.6923553,c_1203,300x250,"2023 Campus
Safety
BEST
AWARDS.
SUBMISSION
DEADLINE: JUNE 2
APPLY NOW!
Campus Safety
BEST
2023",images/c_0810.jpg,2026-03-22 18:00:00
c_2101,Traveler & Leisure,0.8520405462803181,0.6554196156573737,0.1966209306229444,suggest,0.64945614,c_1983,970x250,"A NEW WAY
TO PLAY
MERENG
URGENTENKINER
?
?
Codes 4 ma
WHENDERS
SUPER
NINTENDO
WORLD
NOW OPEN
Learn More
UNIVERSAL STUDIOS
HOLLYWOOD",images/c_2101.jpg,2025-12-24 15:00:00
c_1426,Parent & Family,0.8515568841627553,0.4944435774797217,0.3571133066830336,suggest,0.66903526,c_1331,300x250,"wil
LIGHT OF LIFE
RESCUE MISSION
WHERE HOPE AND HEALING MEET
Thanksgiving
Meals
For Families
In Need
Cares
64 LUMBER CLEARVIEW DLC
Gateway
Health",images/c_1426.jpg,2026-07-30 07:00:00
c_2741,Student & Learner,0.8508310625899491,0.5697333961131906,0.2810976664767585,suggest,0.6854312,c_1176,300x250,"R
TARATI
MARCH
MADNESS
Reese's
UNIVERSITY
ENROLL TODAY",images/c_2741.jpg,2025-03-31 06:00:00
c_1849,Tech Enthusiast,0.8498729954922934,0.1789560388983103,0.6709169565939831,suggest,0.67199475,c_0873,970x250,"THE
ROVAN
BINARY
MICHAEL MCCLOSKEY",images/c_1849.jpg,2025-06-08 17:00:00
c_2336,Tech Enthusiast,0.8489080563025304,0.7368975525557355,0.1120105037467948,suggest,0.6600031,c_1402,300x250,"NaviLink Lite
TM
WI-FI REMOTE CONTROL SYSTEM
Easily communicate to any
Navien tankless water
heater, combi-boiler, or
boiler with your smartphone
Learn More
KNAVIEN",images/c_2336.jpg,2026-06-08 16:00:00
c_0019,Health & Wellness Seeker,0.8480664482869031,0.1454076097850743,0.7026588385018288,suggest,0.6287765,c_1449,300x250,"HYDRO FLASK DEALS
SAVE UP TO 41% NOW SPY",images/c_0019.jpg,2026-03-05 02:00:00
c_0634,Traveler & Leisure,0.8459939421265807,0.3606375333055652,0.4853564088210155,suggest,0.5248971,c_1061,728x90,"THE
AVALANCHES
LIVE!
SEPTEMBER 22
GREEK THEATRE",images/c_0634.jpg,2025-10-07 07:00:00
c_1603,Traveler & Leisure,0.8459337563841013,0.0554859949805702,0.7904477614035311,suggest,0.58479017,c_0495,728x90,"ALFA
ROM
THE ALL-NEW
2024 ALFA ROMEO TONALE
COME VISIT YOUR LOCAL SOUTH
FLORIDA ALFA ROMEO DEALER TODAY
South Florida Alfa Romeo Dealers.com",images/c_1603.jpg,2025-06-21 09:00:00
c_2176,Tech Enthusiast,0.8426404978980304,0.2428083532584577,0.5998321446395727,suggest,0.68205726,c_0573,336x280,"IC
AUDIRVĀNA
77
PURE
PLAYER
Discover Audirvana's
new features.
Free Trial
>>",images/c_2176.jpg,2025-01-16 03:00:00
c_1258,Tech Enthusiast,0.8406550062362205,0.2272477909912032,0.6134072152450172,suggest,0.62128603,c_1848,970x250,"HARTFORD WHALERS
FROM HEARTBEAT TO HEARTBREAK
Streaming Premiere Monday 8pm
Roku fire tv Google TV
CONNECTICUT
NEWS
Samsung XumOPLAY
TV Plus",images/c_1258.jpg,2026-08-10 14:00:00
c_1221,Traveler & Leisure,0.8396537428334492,0.5510507123651829,0.2886030304682663,suggest,0.675241,c_0840,728x90,"Kelo
manager
VIP
FANFare Trips JACKRABBITS
We're going
to Target Field
RESERVE YOUR
on
September 16, 2023! SEAT NOW!",images/c_1221.jpg,2025-02-04 06:00:00
c_0946,Traveler & Leisure,0.8371517294633661,0.2076380010960543,0.6295137283673118,suggest,0.5350475,c_0573,300x600,"FROM ACADEMY AWARD® NOMINEE
MAMORU HOSODA
BELLE
Ime you
MEANING
STUDIO CHIZU
miss you
Belle
#Whols Belle
IN THEATRES JANUARY 14
CHA
BE
GKIDS",images/c_0946.jpg,2025-12-07 17:00:00
c_1379,Homeowner,0.8338519937917512,0.2752346870615542,0.5586173067301969,suggest,0.5844546,c_1449,300x250,"40%
OFF
Next
zamberlan
KANDMADE PHILOSOPHY
1111 CRESTA
GTX RR LEATHER
HUNTING BOOTS
88888
TID
$224.⁹9
REG PRICE
$375.00
Midway
SHIPS FREE",images/c_1379.jpg,2025-12-03 03:00:00
c_0558,Traveler & Leisure,0.8295572187960256,0.0520912377649369,0.7774659810310887,suggest,0.68894154,c_1907,300x250,"MTL MONTEREGIE
SUPO
PAS
K
In partnership with
TOURISME
MONTĒRĒGIE",images/c_0558.jpg,2026-05-17 02:00:00
c_2720,Small Business & B2B,0.827110804754852,0.3975539983910325,0.4295568063638195,suggest,0.6297863,c_2061,300x250,"DESIGN GUIDE ON
CONNECTORS
In this Design Guide, the editors of
EEWorld Online help you answer
some of the ""What, When, Why""
questions around connectors,
particularly in industrial
applications.
BROUGHT TO YOU BY:
EEWorld
ONLINE
DOWNLOAD PDF GUIDE",images/c_2720.jpg,2025-10-17 01:00:00
c_1352,Traveler & Leisure,0.8263207333417095,0.2886882485578756,0.5376324847838339,suggest,0.6506038,c_1250,728x90,"St. Jude Children's
Research Hospital
KTBS/St. Jude
Dream Home
Giveaway
COURTESY OF:
2023
MAZDA MOFFITT
CX-30
MAZDA
AND THE MOFFITT FAMILY
S13
DEADLINE:
JULY 21",images/c_1352.jpg,2025-04-03 03:00:00
c_0435,Traveler & Leisure,0.8255374444563409,0.3208561758136558,0.5046812686426851,suggest,0.5552171,c_1404,160x600,"FROM MAMORU HOSODA
(MIRAI, WOLF CHILDREN)
BELLE
Mesmo
#WholsBelle
IN THEATRES
JANUARY 14
CHA GKIOS
STUDIO CHIZI",images/c_0435.jpg,2025-02-10 09:00:00
c_0609,Parent & Family,0.8243167144229521,0.3204054591995867,0.5039112552233653,suggest,0.6873096,c_2286,300x600,"THE INN BETWEEN
of Longmont, Inc.
HOUSING
SUPPORT
STABILITY
Give the Gift of Home
Colorado Gives Day
Tuesday, December 7th
HOME
SAFETY COMFORT DIGNITY
RESPITE HEALTH LOVE
Schedule a donation
TODAY!
COGIVES.ORG/THEINNBETWEEN",images/c_0609.jpg,2025-07-04 22:00:00
c_0719,Small Business & B2B,0.8220308695871799,0.6610313426431972,0.1609995269439826,suggest,0.6641383,c_1830,300x250,"Get Verizon Mobile
for Microsoft Teams.
Integrate all mobile calling with Teams and move
calls seamlessly across all devices with your
number. Only on the network businesses rely on.
verizon
business
ㅈ",images/c_0719.jpg,2026-04-02 06:00:00
c_2685,Health & Wellness Seeker,0.8215369179536746,0.6059152915795453,0.2156216263741293,suggest,0.69174236,c_0731,300x600,"MEDPAGETODAY
WORDOSIS
2008
ARTERY
Play Today's Wordosis:
Our Medical
Word Game
Play Now",images/c_2685.jpg,2025-05-30 14:00:00
c_2663,Traveler & Leisure,0.818613505403039,0.3048915427570559,0.5137219626459831,suggest,0.66047823,c_0327,300x250,"WORLD LACROSSE
MEN'S CHAMPIONSHIP
SAN DIEGO 2023
Rady Children's
JUNE 21 - JULY 1",images/c_2663.jpg,2026-05-20 08:00:00
c_0073,Traveler & Leisure,0.8168734104079224,0.1884154448079882,0.628457965599934,suggest,0.65603626,c_1049,300x600,"BANANA REPUBLIC
FACTORY
IMAGINATION TAKES FLIGHT
NEW ARRIVALS
from $24.99
SHOP NOW",images/c_0073.jpg,2026-02-13 05:00:00
c_2385,Homeowner,0.8159436790984114,0.3996180321347378,0.4163256469636736,suggest,0.6087119,c_0659,300x250,"A Antec
P20CO
Mid-Tower
E-ATX Gaming Case
newegs amazon
Available Now
notec",images/c_2385.jpg,2025-02-14 07:00:00
c_2848,Parent & Family,0.8146846432540371,0.3789181020227299,0.4357665412313072,suggest,0.67650604,c_2286,300x600,"Idaho
news
BY SHOWER
Please Donate Today
Donate Baby items at any
Treasure Valley
Albertsons Store.
July 26th, 2023
ICTORY
GREENS
STONE & GARDEN CENTER
AAlbertsons",images/c_2848.jpg,2025-07-09 17:00:00
c_0234,Traveler & Leisure,0.8145758170367369,0.1364803220646113,0.6780954949721255,suggest,0.5813521,c_0059,300x600,"ON SALE NOW!
YOU DON'T WANT TO
MISS THE DUKES THIS
SEASON AT
THE ATLANTIC
UNION BANK CENTER
PURCHASE SINGLE-GAME
TICKETS TODAY!
JMU
Allantic
Center",images/c_0234.jpg,2026-05-01 03:00:00
c_0227,Small Business & B2B,0.814172993537599,0.2105618914323334,0.6036111021052655,suggest,0.6881188,c_1266,300x250,"Join FMCA Today
protection
Peace-of-mind
and money-saving RV programs.
FMCAssist
Roadside Rescue®
FMCA's Tire
Savings Program
FMCA
Your Ring Panky
VIEW
BENEFITS",images/c_0227.jpg,2025-02-03 02:00:00
c_0930,Small Business & B2B,0.8127731418196095,0.8084764585508372,0.0042966832687723,suggest_with_caution,0.6926312,c_0752,970x250,"AP!
API INSPECTION TRAINING
American
Petroleum
Institute
UPCOMING
VIRTUAL COURSES
API 510 & 572: June 12-13
API 570 & 574: June 14-15
Register
Now",images/c_0930.jpg,2026-01-28 01:00:00
c_2494,Small Business & B2B,0.8100759136222373,0.4234649369605068,0.3866109766617305,suggest,0.69792783,c_1998,300x250,"Still thinking about the last
TABC conference?
Revisit your favorite writing workshops
from Teen Author Boot Camp 24/7
Get Started!
TABC
Where Best-selling Authors
Teach Writing",images/c_2494.jpg,2026-07-03 18:00:00
c_2440,Traveler & Leisure,0.8082759593553103,0.2444574190180478,0.5638185403372624,suggest,0.6925659,c_1404,728x90,"SEASON TICKETS
ON SALE NOW
stcu
BEST of BROADWAY
BY WESTCOAST ENTERTAINMENT
BROADWAYSPOKANE.COM
ORDER NOW",images/c_2440.jpg,2025-11-06 01:00:00
c_2583,Traveler & Leisure,0.8067902685037068,0.2781527590425143,0.5286375094611925,suggest,0.5322566,c_1072,320x50,"THE
AVALANCHES
LIVE!
SEPTEMBER 22
GREEK THEATRE",images/c_2583.jpg,2025-12-27 13:00:00
c_2351,Traveler & Leisure,0.806116677699856,0.7938026041557608,0.0123140735440951,suggest_with_caution,0.67984575,c_0327,728x90,"TREME
SPRING NATIONALS
MONSTER TRUCK
MAY 19-21 JESUP, GA▪ JAYCEE FAIRGROUNDS
I
TICKETS ON SALE NOW!",images/c_2351.jpg,2025-05-17 18:00:00
c_0094,Traveler & Leisure,0.8058016811047618,0.1055811351710294,0.7002205459337324,suggest,0.6260638,c_0664,970x250,"SARANT CADILLAC THE CADILLAC OF CADILLAC DEALERS
2023 XT4 LUXURY AWD
$379/ PER MONTH
See Dealer For Complete Details.
CADILLAC
SARANT CADILLAC
516-986-3938
©2023 General Motors All Rights Reserved Cadillac",images/c_0094.jpg,2025-05-13 06:00:00
c_2388,Student & Learner,0.8039611861058864,0.6776974956837815,0.1262636904221049,suggest,0.6572762,c_1998,300x250,"ENTER THE
MARINE CORPS
ESSAY CONTEST
DEADLINE: 31 AUGUST 2023
MORE DETAILS HERE",images/c_2388.jpg,2025-12-10 15:00:00
