creative_id,top_persona,top_score,second_score,margin,decision,nearest_confirmed_similarity,nearest_confirmed_id
c_0601,Traveler & Leisure,0.9989443615961018,0.09687849805865512,0.9020658635374467,suggest,0.5873565,c_1049
c_1989,Traveler & Leisure,0.9986050981599157,0.09362514525876578,0.90497995290115,suggest,0.5979304,c_2120
c_0985,Health & Wellness Seeker,0.9981599596322628,0.045551004980018,0.9526089546522448,suggest,0.6795621,c_1963
c_0056,Traveler & Leisure,0.9976092064281151,0.20455313429283886,0.7930560721352763,suggest,0.6588212,c_2039
c_1482,Traveler & Leisure,0.9972827480844786,0.07509328434942893,0.9221894637350496,suggest,0.5502255,c_1072
c_0881,Traveler & Leisure,0.9970255958353207,0.1368991663130854,0.8601264295222353,suggest,0.65899616,c_0327
c_2307,Traveler & Leisure,0.9967369057641142,0.10890698589177028,0.8878299198723439,suggest,0.5529887,c_1072
c_0622,Traveler & Leisure,0.9965259574520602,0.05686711942436061,0.9396588380276996,suggest,0.67374563,c_0573
c_2519,Health & Wellness Seeker,0.996107937896051,0.09549898902015168,0.9006089488758994,suggest,0.6837503,c_1502
c_0297,Traveler & Leisure,0.9960462801255708,0.4087070801434079,0.5873391999821629,suggest,0.667323,c_2363
c_1080,Traveler & Leisure,0.9948612719818635,0.14054026849908607,0.8543210034827774,suggest,0.53712076,c_2339
c_1052,Traveler & Leisure,0.9944279342410656,0.3450269072010134,0.6494010270400521,suggest,0.67659014,c_1404
c_0915,Health & Wellness Seeker,0.9944024185759023,0.31314518602999497,0.6812572325459073,suggest,0.67915344,c_0872
c_0982,Traveler & Leisure,0.9931474072360443,0.2686944685649451,0.7244529386710992,suggest,0.69124186,c_2363
c_2810,Traveler & Leisure,0.9927866915283505,0.16275808573056003,0.8300286057977905,suggest,0.6834878,c_2823
c_2023,Traveler & Leisure,0.9920892068321805,0.5249116881175967,0.4671775187145838,suggest,0.5555213,c_1041
c_0722,Traveler & Leisure,0.991713622414482,0.09764026168234899,0.8940733607321331,suggest,0.6055831,c_2083
c_1844,Traveler & Leisure,0.9909907953362743,0.11538815904532503,0.8756026362909493,suggest,0.6486339,c_0327
c_1657,Student & Learner,0.9904632556436049,0.09944818513017853,0.8910150705134264,suggest,0.6572557,c_1205
c_2417,Traveler & Leisure,0.9901885577040577,0.062293268957797354,0.9278952887462604,suggest,0.58012444,c_0846
c_0718,Traveler & Leisure,0.9899495395364948,0.052161381680772965,0.9377881578557218,suggest,0.54163533,c_0559
c_0322,Health & Wellness Seeker,0.9898589603579965,0.15253718759154936,0.8373217727664471,suggest,0.69709426,c_2727
c_1372,Traveler & Leisure,0.989443240413743,0.06384620077473316,0.9255970396390099,suggest,0.6970534,c_2045
c_0402,Traveler & Leisure,0.9893633357883855,0.07799296902072264,0.9113703667676629,suggest,0.6546892,c_1110
c_1951,Traveler & Leisure,0.9886572736124261,0.2784074498439094,0.7102498237685166,suggest,0.57406026,c_1842
c_1742,Tech Enthusiast,0.9886015999711635,0.4949872466036454,0.4936143533675181,suggest,0.698121,c_1785
c_0538,Small Business & B2B,0.987982717690339,0.19733581930914598,0.790646898381193,suggest,0.6646217,c_1902
c_2038,Health & Wellness Seeker,0.9878037764034217,0.33612182624900694,0.6516819501544147,suggest,0.6477087,c_0108
c_0114,Traveler & Leisure,0.9876314270683325,0.049896794190569305,0.9377346328777632,suggest,0.6454606,c_2288
c_1416,Health & Wellness Seeker,0.9871568695476333,0.5600220140339149,0.4271348555137183,suggest,0.6499768,c_1963
c_1438,Traveler & Leisure,0.9870942530850176,0.19245833222754205,0.7946359208574756,suggest,0.65670633,c_1823
c_1836,Traveler & Leisure,0.9869797995163545,0.5164351189591656,0.4705446805571889,suggest,0.6351647,c_2363
c_0024,Small Business & B2B,0.9867656931391716,0.5678675351614311,0.41889815797774055,suggest,0.69436526,c_2844
c_2281,Student & Learner,0.9861702905567831,0.1788961040095049,0.8072741865472781,suggest,0.6428932,c_1205
c_2026,Small Business & B2B,0.9857847331552115,0.2814871614884414,0.7042975716667701,suggest,0.65954226,c_1660
c_1134,Traveler & Leisure,0.9852000234042804,0.5647919384709326,0.4204080849333478,suggest,0.66483,c_0573
c_1401,Traveler & Leisure,0.9850247989189397,0.16418772794539993,0.8208370709735398,suggest,0.5626056,c_1157
c_0394,Traveler & Leisure,0.9847971158359334,0.20174815240387023,0.7830489634320632,suggest,0.6681058,c_2549
c_0144,Traveler & Leisure,0.9847129344637187,0.14210858665480838,0.8426043478089102,suggest,0.6562526,c_0327
c_1381,Traveler & Leisure,0.9844046845513408,0.21497233236814337,0.7694323521831974,suggest,0.6057321,c_0913
c_2133,Traveler & Leisure,0.9843848275933279,0.07656775088265406,0.9078170767106738,suggest,0.68251324,c_2487
c_1722,Traveler & Leisure,0.9834413778045883,0.4810437542381785,0.5023976235664098,suggest,0.6900559,c_0961
c_2357,Homeowner,0.9833252640166218,0.12288291395222159,0.8604423500644002,suggest,0.6487185,c_2035
c_2858,Small Business & B2B,0.98306522417323,0.25832460589401773,0.7247406182792122,suggest,0.6453407,c_2061
c_1290,Traveler & Leisure,0.9827844782914498,0.16357800781289772,0.819206470478552,suggest,0.68553483,c_2487
c_2072,Traveler & Leisure,0.9820585028861337,0.14141211857546918,0.8406463843106645,suggest,0.65580285,c_1404
c_0943,Traveler & Leisure,0.981666253285253,0.3557992927566399,0.6258669605286131,suggest,0.66007227,c_2487
c_1962,Health & Wellness Seeker,0.9808137550482497,0.0470202074435757,0.933793547604674,suggest,0.6612216,c_1286
c_1445,Health & Wellness Seeker,0.980668056746418,0.22164392445396996,0.759024132292448,suggest,0.6915151,c_1967
c_1975,Traveler & Leisure,0.9797579130442573,0.49159779571310863,0.48816011733114867,suggest,0.6309449,c_1998
c_0556,Traveler & Leisure,0.9779198950974547,0.06708211551371886,0.9108377795837358,suggest,0.59788895,c_1072
c_1500,Student & Learner,0.97785882561574,0.06006372049248395,0.917795105123256,suggest,0.69943815,c_0267
c_2524,Traveler & Leisure,0.9771210109404634,0.2248835275841481,0.7522374833563154,suggest,0.6423394,c_0327
c_2144,Traveler & Leisure,0.9764787425267754,0.16234541573008937,0.8141333267966859,suggest,0.6680933,c_0559
c_0364,Small Business & B2B,0.9764119745703517,0.134885058331378,0.8415269162389737,suggest,0.69539416,c_0863
c_1146,Tech Enthusiast,0.9762148626145591,0.17735988838593464,0.7988549742286245,suggest,0.657561,c_0901
c_1876,Small Business & B2B,0.9758823480028641,0.6627758127123575,0.3131065352905066,suggest,0.6878877,c_1660
c_1175,Student & Learner,0.9752172862573956,0.21680515599612876,0.7584121302612667,suggest,0.68555045,c_1205
c_1442,Traveler & Leisure,0.9743147400126587,0.4693662205996615,0.5049485194129972,suggest,0.57021874,c_1823
c_2659,Health & Wellness Seeker,0.9740277100136581,0.21148110446482535,0.7625466055488327,suggest,0.636934,c_2542
c_2198,Traveler & Leisure,0.9738560366903253,0.09811960819961833,0.875736428490707,suggest,0.6339532,c_1203
c_0955,Student & Learner,0.9733933708469921,0.43215885297291473,0.5412345178740774,suggest,0.6872113,c_1998
c_2181,Traveler & Leisure,0.9727730376869123,0.12011585515901928,0.852657182527893,suggest,0.62700385,c_0327
c_0817,Traveler & Leisure,0.9725648713666816,0.1689934947540851,0.8035713766125965,suggest,0.5950205,c_1842
c_2282,Tech Enthusiast,0.9717498176877177,0.2893013831561099,0.6824484345316078,suggest,0.67410666,c_0429
c_2455,Tech Enthusiast,0.9714986545165891,0.04604778633197417,0.925450868184615,suggest,0.6270914,c_2180
c_0785,Traveler & Leisure,0.9704352188431947,0.09179430417228687,0.8786409146709079,suggest,0.60719144,c_1823
c_0452,Traveler & Leisure,0.9700056566124553,0.9210209377076846,0.04898471890477074,suggest_with_caution,0.638754,c_1885
c_1204,Homeowner,0.9678190902912144,0.3905742227828272,0.5772448675083872,suggest,0.6761489,c_1387
c_1873,Homeowner,0.9669428090995636,0.8786601682143372,0.08828264088522642,suggest_with_caution,0.6792128,c_0367
c_0746,Traveler & Leisure,0.9664763605785284,0.5437464140150567,0.4227299465634716,suggest,0.6361408,c_1967
c_0529,Traveler & Leisure,0.9659880780102389,0.29234719230888756,0.6736408857013514,suggest,0.6720035,c_0825
c_1167,Tech Enthusiast,0.9654647058380086,0.6315136159216369,0.3339510899163717,suggest,0.67073977,c_1579
c_2109,Traveler & Leisure,0.9650688912860093,0.1981239292784394,0.7669449620075699,suggest,0.6563904,c_2487
c_1112,Traveler & Leisure,0.9649217888216883,0.08400632277609021,0.8809154660455981,suggest,0.64231235,c_2823
c_1858,Traveler & Leisure,0.9638228276745969,0.21241013560303018,0.7514126920715667,suggest,0.662451,c_0961
c_1880,Homeowner,0.9629058191330264,0.1315841311276123,0.8313216880054142,suggest,0.69333774,c_1449
c_2656,Traveler & Leisure,0.9624526852946798,0.2774386505663266,0.6850140347283531,suggest,0.6249591,c_1874
c_0854,Traveler & Leisure,0.9621486408295148,0.08973759865473684,0.8724110421747779,suggest,0.64242494,c_1341
c_2136,Traveler & Leisure,0.9621408754437413,0.49477090635198956,0.4673699690917517,suggest,0.62766594,c_0327
c_1812,Traveler & Leisure,0.9618134325877027,0.14024252410764873,0.821570908480054,suggest,0.64219236,c_1203
c_0251,Student & Learner,0.9603058233141792,0.09587686588370702,0.8644289574304722,suggest,0.68930054,c_2205
c_1851,Health & Wellness Seeker,0.9601617950629676,0.23606757789899424,0.7240942171639734,suggest,0.61387205,c_1963
c_0162,Traveler & Leisure,0.9598303711405813,0.804854557055665,0.15497581408491634,suggest,0.6724314,c_1430
c_2147,Traveler & Leisure,0.9597807286106598,0.21504284010177116,0.7447378885088887,suggest,0.63515025,c_2083
c_1655,Health & Wellness Seeker,0.9594207007718278,0.28683673048371283,0.672583970288115,suggest,0.69976854,c_0872
c_1158,Student & Learner,0.9591538925990308,0.13297997953561175,0.8261739130634191,suggest,0.6773325,c_2384
c_0626,Traveler & Leisure,0.9584629860548836,0.1724258366512738,0.7860371494036098,suggest,0.6828902,c_2007
c_0971,Traveler & Leisure,0.9561697117910557,0.19098306720455283,0.7651866445865029,suggest,0.6489643,c_0619
c_0877,Traveler & Leisure,0.955937061043864,0.3006915770927457,0.6552454839511184,suggest,0.6059355,c_2767
c_1308,Health & Wellness Seeker,0.9548955455193828,0.7379502829362466,0.21694526258313618,suggest,0.6509708,c_1123
c_1969,Health & Wellness Seeker,0.9544971115016337,0.2684513996138912,0.6860457118877425,suggest,0.6530615,c_1994
c_1181,Traveler & Leisure,0.9539438940402508,0.14263997378440346,0.8113039202558474,suggest,0.6236452,c_2437
c_2017,Traveler & Leisure,0.9538884611275945,0.41281398643148287,0.5410744746961116,suggest,0.6170102,c_1041
c_2635,Traveler & Leisure,0.9527224474995932,0.11191930782682319,0.84080313967277,suggest,0.5262656,c_2437
c_2130,Traveler & Leisure,0.9520657947941358,0.16687315609646508,0.7851926386976706,suggest,0.627116,c_1404
c_2711,Parent & Family,0.9518955963884665,0.8420490970779093,0.10984649931055723,suggest,0.6439111,c_2286
c_2341,Traveler & Leisure,0.9517334287953847,0.11177400885393984,0.8399594199414449,suggest,0.6394627,c_1564
c_1772,Traveler & Leisure,0.9515531519109736,0.15619657571094966,0.7953565762000239,suggest,0.52683437,c_0559
c_2027,Traveler & Leisure,0.9508805649879434,0.40661294125011405,0.5442676237378293,suggest,0.600326,c_1041
c_2142,Traveler & Leisure,0.9505661585179717,0.1177570570419703,0.8328091014760014,suggest,0.6826752,c_1122
c_2284,Tech Enthusiast,0.9486819478413697,0.19040731876457306,0.7582746290767967,suggest,0.6977032,c_1061
c_1201,Small Business & B2B,0.9470283084531036,0.20167488593409982,0.7453534225190037,suggest,0.6654912,c_1377
c_2775,Traveler & Leisure,0.9466302156217946,0.3660057649666137,0.580624450655181,suggest,0.6476082,c_1334
c_2586,Traveler & Leisure,0.9460589063105832,0.3906480332367537,0.5554108730738295,suggest,0.6801672,c_1203
c_2726,Student & Learner,0.9460417826708134,0.2886687910031554,0.6573729916676581,suggest,0.6860971,c_1205
c_1591,Tech Enthusiast,0.9440372493283842,0.5356420491636027,0.4083952001647815,suggest,0.6755122,c_0573
c_0780,Health & Wellness Seeker,0.9439247802934322,0.1724457875422419,0.7714789927511903,suggest,0.67163455,c_0108
c_2450,Tech Enthusiast,0.9428866090400471,0.43883870866399205,0.504047900376055,suggest,0.6943426,c_2180
c_0803,Traveler & Leisure,0.9419051882466021,0.0863327893741439,0.8555723988724582,suggest,0.69665575,c_2437
c_1322,Small Business & B2B,0.9414219988840072,0.10787204199438137,0.8335499568896259,suggest,0.6760733,c_2705
c_1103,Traveler & Leisure,0.9412912865848642,0.11614371106456076,0.8251475755203034,suggest,0.6746341,c_1907
c_0574,Health & Wellness Seeker,0.9408580765880518,0.32493854622851853,0.6159195303595333,suggest,0.68299,c_2613
c_2717,Health & Wellness Seeker,0.93990565814331,0.17093034779896915,0.7689753103443409,suggest,0.6909701,c_0751
c_0207,Traveler & Leisure,0.9397502172179807,0.6164254125758939,0.3233248046420868,suggest,0.6258417,c_1203
c_0939,Small Business & B2B,0.9388450174046495,0.19169059090047824,0.7471544265041713,suggest,0.5535873,c_2151
c_1088,Traveler & Leisure,0.937364749718093,0.6450001542044201,0.2923645955136729,suggest,0.6545171,c_1404
c_0530,Health & Wellness Seeker,0.9364085748724427,0.11770807275661985,0.8187005021158228,suggest,0.6435365,c_0901
c_1488,Traveler & Leisure,0.9363158470905634,0.3383970011594368,0.5979188459311265,suggest,0.66013724,c_1905
c_0370,Tech Enthusiast,0.9354676368422913,0.24150773592366417,0.6939599009186271,suggest,0.6702111,c_0359
c_0405,Health & Wellness Seeker,0.9349954327554011,0.23164061807051714,0.7033548146848839,suggest,0.6988453,c_0384
c_2333,Traveler & Leisure,0.9330360771911033,0.4400078630828569,0.4930282141082464,suggest,0.68732554,c_0518
c_1976,Traveler & Leisure,0.9318578285498942,0.33654213999742005,0.5953156885524742,suggest,0.6801987,c_0573
c_1507,Traveler & Leisure,0.9317602040694918,0.14217716230083155,0.7895830417686602,suggest,0.6824453,c_2777
c_0168,Traveler & Leisure,0.9310529601756296,0.29644331728830653,0.634609642887323,suggest,0.6535363,c_2549
c_2732,Homeowner,0.9309740728354983,0.21089460758260445,0.7200794652528938,suggest,0.6951099,c_1078
c_1115,Tech Enthusiast,0.9304377398260861,0.1483803949573923,0.7820573448686938,suggest,0.6829307,c_2601
c_1924,Traveler & Leisure,0.9294573660793514,0.7391110681776077,0.19034629790174362,suggest,0.6916928,c_2823
c_0339,Traveler & Leisure,0.9282632792244324,0.22560119978540097,0.7026620794390315,suggest,0.6663709,c_2654
c_1553,Tech Enthusiast,0.9256573717104974,0.28926251853131874,0.6363948531791788,suggest,0.665094,c_0573
c_0996,Traveler & Leisure,0.9250128970123189,0.2582363482604076,0.6667765487519113,suggest,0.6596924,c_2286
c_0545,Homeowner,0.9243606014851826,0.5808728024550397,0.3434877990301429,suggest,0.69849914,c_1387
c_0437,Traveler & Leisure,0.9239438335090908,0.20956172912238222,0.7143821043867086,suggest,0.6665753,c_0874
c_2651,Traveler & Leisure,0.9235781071813922,0.10386916516449417,0.819708942016898,suggest,0.6080975,c_2437
c_2330,Student & Learner,0.922997068964483,0.16349570287938367,0.7595013660850993,suggest,0.68955415,c_1205
c_0606,Homeowner,0.9223544426969126,0.4763965717546528,0.4459578709422598,suggest,0.6763221,c_1931
c_1058,Traveler & Leisure,0.9222358503959106,0.13507724699210544,0.7871586034038052,suggest,0.5925597,c_0840
c_0220,Health & Wellness Seeker,0.9219590080795399,0.17860315732202645,0.7433558507575134,suggest,0.6890002,c_2542
c_1399,Health & Wellness Seeker,0.9205953148727608,0.38793708118061687,0.5326582336921439,suggest,0.68123335,c_1729
c_1648,Homeowner,0.9183850146879475,0.19681796098448157,0.721567053703466,suggest,0.68828076,c_0684
c_0254,Traveler & Leisure,0.9174099970334355,0.8974762645492134,0.019933732484222144,suggest_with_caution,0.6633273,c_0467
c_1200,Small Business & B2B,0.9150377499328635,0.6066947353114577,0.3083430146214058,suggest,0.6892519,c_1514
c_2395,Traveler & Leisure,0.9144386775657741,0.20515075813980482,0.7092879194259694,suggest,0.57942885,c_1874
c_2076,Traveler & Leisure,0.9134107934704297,0.1906217056532302,0.7227890878171995,suggest,0.6556676,c_1706
c_0851,Tech Enthusiast,0.9131915090998212,0.3291207661293861,0.584070742970435,suggest,0.6695876,c_1490
c_0290,Traveler & Leisure,0.9123948421973866,0.22615021658138312,0.6862446256160035,suggest,0.58763564,c_2772
c_2376,Traveler & Leisure,0.9112604383370614,0.17230053164136602,0.7389599066956953,suggest,0.611713,c_0327
c_2065,Traveler & Leisure,0.9089607586023789,0.20791794511209805,0.7010428134902809,suggest,0.6045504,c_1041
c_2445,Traveler & Leisure,0.9085736672647118,0.16658098341921954,0.7419926838454922,suggest,0.46594808,c_1203
c_0919,Traveler & Leisure,0.9074277110007459,0.2133286036678117,0.6940991073329342,suggest,0.6298931,c_1555
c_1970,Tech Enthusiast,0.9055313117698979,0.22244607033264074,0.6830852414372571,suggest,0.63813144,c_0013
c_0922,Small Business & B2B,0.9044839470661378,0.2949672631079263,0.6095166839582115,suggest,0.682411,c_2470
c_0096,Tech Enthusiast,0.9041529640910033,0.4239822985983314,0.4801706654926719,suggest,0.68095356,c_1907
c_0027,Tech Enthusiast,0.9030527172694235,0.2122230259909075,0.690829691278516,suggest,0.6985353,c_2243
c_1898,Health & Wellness Seeker,0.9030222954475076,0.1187301184549322,0.7842921769925754,suggest,0.6772202,c_2727
c_0195,Traveler & Leisure,0.9028579423747667,0.07679815729248599,0.8260597850822807,suggest,0.69477904,c_2823
c_2415,Small Business & B2B,0.9022785394182873,0.5345901363091327,0.3676884031091546,suggest,0.6963264,c_0187
c_2069,Small Business & B2B,0.8993251968879877,0.18151929166547215,0.7178059052225156,suggest,0.6894954,c_0562
c_0069,Traveler & Leisure,0.8983233073950986,0.3047565757105772,0.5935667316845215,suggest,0.67109144,c_1203
c_1389,Traveler & Leisure,0.8981607442237499,0.1687233475819184,0.7294373966418315,suggest,0.6990046,c_0000
c_0175,Traveler & Leisure,0.8981298884191791,0.45202374602480444,0.4461061423943746,suggest,0.6654977,c_1404
c_1474,Traveler & Leisure,0.8975853654774091,0.5638486040647797,0.3337367614126294,suggest,0.6262962,c_2374
c_1681,Traveler & Leisure,0.8975657818949465,0.19871839731225172,0.6988473845826948,suggest,0.63130987,c_2120
c_1018,Traveler & Leisure,0.8970493796004874,0.09001178629415628,0.8070375933063311,suggest,0.6352497,c_0327
c_1933,Small Business & B2B,0.8939083224398275,0.7342365163292116,0.15967180611061593,suggest,0.62948984,c_1203
c_1768,Tech Enthusiast,0.892619074112414,0.6036095374500785,0.28900953666233553,suggest,0.66130686,c_0518
c_0336,Traveler & Leisure,0.8922738844083442,0.5022162514747635,0.39005763293358076,suggest,0.6956689,c_2313
c_0241,Health & Wellness Seeker,0.8921228612547542,0.1844181632460356,0.7077046980087185,suggest,0.6875745,c_0518
c_1062,Traveler & Leisure,0.8914516416769483,0.07447533509890424,0.8169763065780441,suggest,0.6560943,c_0327
c_2551,Tech Enthusiast,0.8906837203574486,0.10645453464767793,0.7842291857097706,suggest,0.67636126,c_1061
c_0635,Traveler & Leisure,0.8897636631453942,0.6321630325236333,0.257600630621761,suggest,0.6415746,c_2165
c_2724,Traveler & Leisure,0.8881861467666157,0.20340529090376622,0.6847808558628494,suggest,0.621114,c_2148
c_0477,Traveler & Leisure,0.886718069287589,0.49350775399234015,0.39321031529524886,suggest,0.5900497,c_1341
c_0277,Traveler & Leisure,0.8853913629690626,0.6260827353284376,0.259308627640625,suggest,0.6553045,c_2438
c_1981,Traveler & Leisure,0.8843717074898345,0.3076933823532894,0.576678325136545,suggest,0.68311507,c_2437
c_2598,Traveler & Leisure,0.8840246975666055,0.19009738032556375,0.6939273172410417,suggest,0.66704184,c_2089
c_2056,Traveler & Leisure,0.881985779690089,0.30078915369773496,0.581196625992354,suggest,0.6841955,c_1176
c_1578,Traveler & Leisure,0.8805538736512224,0.25347694129810416,0.6270769323531182,suggest,0.54829055,c_2826
c_2314,Traveler & Leisure,0.8792222454015478,0.27256641422473465,0.6066558311768131,suggest,0.58921444,c_1404
c_0595,Traveler & Leisure,0.8791656884326421,0.1442268106352958,0.7349388777973462,suggest,0.5813399,c_1203
c_1270,Traveler & Leisure,0.8787067416166734,0.44620625646551965,0.43250048515115375,suggest,0.6857082,c_1278
c_2317,Traveler & Leisure,0.8781434830217861,0.1913855360219478,0.6867579469998384,suggest,0.65169245,c_0621
c_0104,Homeowner,0.8764105965548671,0.8676798255983172,0.008730770956549838,suggest_with_caution,0.6963075,c_2662
c_1118,Student & Learner,0.8760438571033109,0.3428255253233499,0.533218331779961,suggest,0.6808153,c_1998
c_1202,Traveler & Leisure,0.8753163376844877,0.1345073232184951,0.7408090144659926,suggest,0.55777025,c_0573
c_2206,Traveler & Leisure,0.871836860674021,0.4098143214209022,0.4620225392531188,suggest,0.5054057,c_2083
c_1467,Student & Learner,0.8701918085869358,0.6568492224025395,0.21334258618439628,suggest,0.6632065,c_0756
c_0422,Health & Wellness Seeker,0.8691797667844909,0.3389130352192635,0.5302667315652274,suggest,0.5465099,c_1072
c_2600,Small Business & B2B,0.8680597522337059,0.2894499543235003,0.5786097979102056,suggest,0.6740441,c_2652
c_0115,Homeowner,0.8668650565804261,0.8407198126943383,0.026145243886087854,suggest_with_caution,0.65966165,c_1402
c_0523,Traveler & Leisure,0.8656881388873334,0.22720354669852832,0.6384845921888052,suggest,0.66964996,c_0840
c_2556,Traveler & Leisure,0.8648054147483774,0.2887514305082417,0.5760539842401357,suggest,0.6693947,c_0202
c_1946,Small Business & B2B,0.8624702602245532,0.46917411377468576,0.39329614644986743,suggest,0.6866308,c_1800
c_0046,Traveler & Leisure,0.8622213079223969,0.19183550167130373,0.6703858062510932,suggest,0.58541054,c_0327
c_0858,Small Business & B2B,0.8613922065561972,0.11591161539138092,0.7454805911648162,suggest,0.6669537,c_1166
c_0911,Tech Enthusiast,0.8588103008145548,0.21355551738079628,0.6452547834337585,suggest,0.68999726,c_0573
c_1457,Homeowner,0.8571620201443694,0.7496144378227808,0.10754758232158856,suggest,0.66189694,c_1963
c_1374,Small Business & B2B,0.8551082031372821,0.19521895968271338,0.6598892434545687,suggest,0.69392383,c_2776
c_1292,Parent & Family,0.8550910263509347,0.3082480027539152,0.5468430235970195,suggest,0.6989368,c_1983
c_1935,Tech Enthusiast,0.8541256321433486,0.196891925169186,0.6572337069741626,suggest,0.6507988,c_0573
c_2250,Homeowner,0.853532464241062,0.7940429508452135,0.059489513395848514,suggest_with_caution,0.685666,c_2767
c_1546,Traveler & Leisure,0.8534771967071414,0.19374290244856066,0.6597342942585808,suggest,0.6984393,c_1706
c_0810,Student & Learner,0.852745166801355,0.3283467724341327,0.5243983943672224,suggest,0.6923553,c_1203
c_2101,Traveler & Leisure,0.8520405462803181,0.6554196156573737,0.1966209306229444,suggest,0.64945614,c_1983
c_1426,Parent & Family,0.8515568841627553,0.49444357747972173,0.3571133066830336,suggest,0.66903526,c_1331
c_2741,Student & Learner,0.8508310625899491,0.5697333961131906,0.2810976664767585,suggest,0.6854312,c_1176
c_1849,Tech Enthusiast,0.8498729954922934,0.17895603889831035,0.6709169565939831,suggest,0.67199475,c_0873
c_2336,Tech Enthusiast,0.8489080563025304,0.7368975525557355,0.11201050374679489,suggest,0.6600031,c_1402
c_0019,Health & Wellness Seeker,0.8480664482869031,0.14540760978507436,0.7026588385018288,suggest,0.6287765,c_1449
c_0634,Traveler & Leisure,0.8459939421265807,0.36063753330556525,0.4853564088210155,suggest,0.5248971,c_1061
c_1603,Traveler & Leisure,0.8459337563841013,0.05548599498057021,0.7904477614035311,suggest,0.58479017,c_0495
c_2176,Tech Enthusiast,0.8426404978980304,0.24280835325845776,0.5998321446395727,suggest,0.68205726,c_0573
c_1258,Tech Enthusiast,0.8406550062362205,0.22724779099120324,0.6134072152450172,suggest,0.62128603,c_1848
c_1221,Traveler & Leisure,0.8396537428334492,0.5510507123651829,0.2886030304682663,suggest,0.675241,c_0840
c_0946,Traveler & Leisure,0.8371517294633661,0.20763800109605438,0.6295137283673118,suggest,0.5350475,c_0573
c_1379,Homeowner,0.8338519937917512,0.27523468706155424,0.5586173067301969,suggest,0.5844546,c_1449
c_0558,Traveler & Leisure,0.8295572187960256,0.05209123776493692,0.7774659810310887,suggest,0.68894154,c_1907
c_2720,Small Business & B2B,0.827110804754852,0.3975539983910325,0.4295568063638195,suggest,0.6297863,c_2061
c_1352,Traveler & Leisure,0.8263207333417095,0.2886882485578756,0.5376324847838339,suggest,0.6506038,c_1250
c_0435,Traveler & Leisure,0.8255374444563409,0.3208561758136558,0.5046812686426851,suggest,0.5552171,c_1404
c_0609,Parent & Family,0.8243167144229521,0.3204054591995867,0.5039112552233653,suggest,0.6873096,c_2286
c_0719,Small Business & B2B,0.8220308695871799,0.6610313426431972,0.16099952694398267,suggest,0.6641383,c_1830
c_2685,Health & Wellness Seeker,0.8215369179536746,0.6059152915795453,0.2156216263741293,suggest,0.69174236,c_0731
c_2663,Traveler & Leisure,0.818613505403039,0.3048915427570559,0.5137219626459831,suggest,0.66047823,c_0327
c_0073,Traveler & Leisure,0.8168734104079224,0.18841544480798827,0.628457965599934,suggest,0.65603626,c_1049
c_2385,Homeowner,0.8159436790984114,0.3996180321347378,0.4163256469636736,suggest,0.6087119,c_0659
c_2848,Parent & Family,0.8146846432540371,0.3789181020227299,0.4357665412313072,suggest,0.67650604,c_2286
c_0234,Traveler & Leisure,0.8145758170367369,0.13648032206461133,0.6780954949721255,suggest,0.5813521,c_0059
c_0227,Small Business & B2B,0.814172993537599,0.21056189143233345,0.6036111021052655,suggest,0.6881188,c_1266
c_0930,Small Business & B2B,0.8127731418196095,0.8084764585508372,0.0042966832687723056,suggest_with_caution,0.6926312,c_0752
c_2494,Small Business & B2B,0.8100759136222373,0.4234649369605068,0.3866109766617305,suggest,0.69792783,c_1998
c_2440,Traveler & Leisure,0.8082759593553103,0.2444574190180478,0.5638185403372624,suggest,0.6925659,c_1404
c_2583,Traveler & Leisure,0.8067902685037068,0.27815275904251435,0.5286375094611925,suggest,0.5322566,c_1072
c_2351,Traveler & Leisure,0.806116677699856,0.7938026041557608,0.012314073544095194,suggest_with_caution,0.67984575,c_0327
c_0094,Traveler & Leisure,0.8058016811047618,0.10558113517102942,0.7002205459337324,suggest,0.6260638,c_0664
c_2388,Student & Learner,0.8039611861058864,0.6776974956837815,0.12626369042210495,suggest,0.6572762,c_1998
