threshold,coverage,precision,accepted,abstained
0.2,1.0,0.6739130434782609,92,0
0.25,1.0,0.6739130434782609,92,0
0.3,1.0,0.6739130434782609,92,0
0.35,1.0,0.6739130434782609,92,0
0.39999999999999997,0.967391304347826,0.6629213483146067,89,3
0.44999999999999996,0.9565217391304348,0.6590909090909091,88,4
0.49999999999999994,0.9130434782608695,0.6785714285714286,84,8
0.5499999999999999,0.8913043478260869,0.6951219512195121,82,10
0.5999999999999999,0.8586956521739131,0.7215189873417721,79,13
0.6499999999999999,0.8369565217391305,0.7272727272727273,77,15
0.7,0.7934782608695652,0.7534246575342466,73,19
0.7499999999999999,0.7391304347826086,0.7794117647058824,68,24
0.7999999999999998,0.6847826086956522,0.7777777777777778,63,29
0.8499999999999999,0.5652173913043478,0.7692307692307693,52,40
0.8999999999999999,0.40217391304347827,0.8108108108108109,37,55
