model,threshold,subset_accuracy,macro_f1,micro_f1,weighted_f1,hamming_loss
kNN,0.2,0.2988505747126437,0.5644349953476351,0.5714285714285714,0.5808172290706951,0.14655172413793102
kNN,0.25,0.2988505747126437,0.5644349953476351,0.5714285714285714,0.5808172290706951,0.14655172413793102
kNN,0.3,0.40229885057471265,0.4631259698784895,0.547486033519553,0.5306692480269374,0.11637931034482758
kNN,0.35,0.4367816091954023,0.4743981115854138,0.56,0.541002044591618,0.11063218390804598
kNN,0.39999999999999997,0.4367816091954023,0.4743981115854138,0.56,0.541002044591618,0.11063218390804598
kNN,0.44999999999999996,0.39080459770114945,0.3752693385046326,0.5135135135135135,0.4829703248820896,0.10344827586206896
kNN,0.49999999999999994,0.39080459770114945,0.3752693385046326,0.5135135135135135,0.4829703248820896,0.10344827586206896
kNN,0.5499999999999999,0.3793103448275862,0.3710591178309973,0.5034013605442177,0.4752515869804248,0.10488505747126436
kNN,0.5999999999999999,0.26436781609195403,0.2769172991777356,0.38461538461538464,0.3642008617963315,0.11494252873563218
kNN,0.6499999999999999,0.26436781609195403,0.2769172991777356,0.38461538461538464,0.3642008617963315,0.11494252873563218
kNN,0.7,0.26436781609195403,0.2769172991777356,0.38461538461538464,0.3642008617963315,0.11494252873563218
